wall_time,step,epoch,value,tag,event_file
1768387375.8726478,1,1,0.9890232086181641,Train/min_prob,outputs_dev/vitb16/T=vtab_Q=3bit_L=lora_2_qkv-fc1-proj-fc2/cifar/20260114184203_default_acc=53.50/tensorboard/events.out.tfevents.1768387332.master-192-168-8-48.1680.0
1768387389.6485028,2,2,0.9860967993736267,Train/min_prob,outputs_dev/vitb16/T=vtab_Q=3bit_L=lora_2_qkv-fc1-proj-fc2/cifar/20260114184203_default_acc=53.50/tensorboard/events.out.tfevents.1768387332.master-192-168-8-48.1680.0
1768387403.4971573,3,3,0.9812321662902832,Train/min_prob,outputs_dev/vitb16/T=vtab_Q=3bit_L=lora_2_qkv-fc1-proj-fc2/cifar/20260114184203_default_acc=53.50/tensorboard/events.out.tfevents.1768387332.master-192-168-8-48.1680.0
1768387417.3825166,4,4,0.9744486808776855,Train/min_prob,outputs_dev/vitb16/T=vtab_Q=3bit_L=lora_2_qkv-fc1-proj-fc2/cifar/20260114184203_default_acc=53.50/tensorboard/events.out.tfevents.1768387332.master-192-168-8-48.1680.0
1768387431.258654,5,5,0.9657729864120483,Train/min_prob,outputs_dev/vitb16/T=vtab_Q=3bit_L=lora_2_qkv-fc1-proj-fc2/cifar/20260114184203_default_acc=53.50/tensorboard/events.out.tfevents.1768387332.master-192-168-8-48.1680.0
1768387445.1675491,6,6,0.9552393555641174,Train/min_prob,outputs_dev/vitb16/T=vtab_Q=3bit_L=lora_2_qkv-fc1-proj-fc2/cifar/20260114184203_default_acc=53.50/tensorboard/events.out.tfevents.1768387332.master-192-168-8-48.1680.0
1768387458.930496,7,7,0.942889392375946,Train/min_prob,outputs_dev/vitb16/T=vtab_Q=3bit_L=lora_2_qkv-fc1-proj-fc2/cifar/20260114184203_default_acc=53.50/tensorboard/events.out.tfevents.1768387332.master-192-168-8-48.1680.0
1768387472.8318274,8,8,0.9287717938423157,Train/min_prob,outputs_dev/vitb16/T=vtab_Q=3bit_L=lora_2_qkv-fc1-proj-fc2/cifar/20260114184203_default_acc=53.50/tensorboard/events.out.tfevents.1768387332.master-192-168-8-48.1680.0
1768387486.5208588,9,9,0.9129423499107361,Train/min_prob,outputs_dev/vitb16/T=vtab_Q=3bit_L=lora_2_qkv-fc1-proj-fc2/cifar/20260114184203_default_acc=53.50/tensorboard/events.out.tfevents.1768387332.master-192-168-8-48.1680.0
1768387617.0276022,10,10,0.8954634070396423,Train/min_prob,outputs_dev/vitb16/T=vtab_Q=3bit_L=lora_2_qkv-fc1-proj-fc2/cifar/20260114184203_default_acc=53.50/tensorboard/events.out.tfevents.1768387332.master-192-168-8-48.1680.0
1768387630.8303266,11,11,0.8764040470123291,Train/min_prob,outputs_dev/vitb16/T=vtab_Q=3bit_L=lora_2_qkv-fc1-proj-fc2/cifar/20260114184203_default_acc=53.50/tensorboard/events.out.tfevents.1768387332.master-192-168-8-48.1680.0
1768387644.705867,12,12,0.8558394908905029,Train/min_prob,outputs_dev/vitb16/T=vtab_Q=3bit_L=lora_2_qkv-fc1-proj-fc2/cifar/20260114184203_default_acc=53.50/tensorboard/events.out.tfevents.1768387332.master-192-168-8-48.1680.0
1768387658.339362,13,13,0.8338508009910583,Train/min_prob,outputs_dev/vitb16/T=vtab_Q=3bit_L=lora_2_qkv-fc1-proj-fc2/cifar/20260114184203_default_acc=53.50/tensorboard/events.out.tfevents.1768387332.master-192-168-8-48.1680.0
1768387672.1082966,14,14,0.8105248808860779,Train/min_prob,outputs_dev/vitb16/T=vtab_Q=3bit_L=lora_2_qkv-fc1-proj-fc2/cifar/20260114184203_default_acc=53.50/tensorboard/events.out.tfevents.1768387332.master-192-168-8-48.1680.0
1768387686.0453887,15,15,0.78595370054245,Train/min_prob,outputs_dev/vitb16/T=vtab_Q=3bit_L=lora_2_qkv-fc1-proj-fc2/cifar/20260114184203_default_acc=53.50/tensorboard/events.out.tfevents.1768387332.master-192-168-8-48.1680.0
1768387699.8650398,16,16,0.7602342367172241,Train/min_prob,outputs_dev/vitb16/T=vtab_Q=3bit_L=lora_2_qkv-fc1-proj-fc2/cifar/20260114184203_default_acc=53.50/tensorboard/events.out.tfevents.1768387332.master-192-168-8-48.1680.0
1768387713.4246662,17,17,0.7334680557250977,Train/min_prob,outputs_dev/vitb16/T=vtab_Q=3bit_L=lora_2_qkv-fc1-proj-fc2/cifar/20260114184203_default_acc=53.50/tensorboard/events.out.tfevents.1768387332.master-192-168-8-48.1680.0
1768387727.3083746,18,18,0.7057607769966125,Train/min_prob,outputs_dev/vitb16/T=vtab_Q=3bit_L=lora_2_qkv-fc1-proj-fc2/cifar/20260114184203_default_acc=53.50/tensorboard/events.out.tfevents.1768387332.master-192-168-8-48.1680.0
1768387741.146773,19,19,0.6772216558456421,Train/min_prob,outputs_dev/vitb16/T=vtab_Q=3bit_L=lora_2_qkv-fc1-proj-fc2/cifar/20260114184203_default_acc=53.50/tensorboard/events.out.tfevents.1768387332.master-192-168-8-48.1680.0
1768387795.125811,20,20,0.6479634046554565,Train/min_prob,outputs_dev/vitb16/T=vtab_Q=3bit_L=lora_2_qkv-fc1-proj-fc2/cifar/20260114184203_default_acc=53.50/tensorboard/events.out.tfevents.1768387332.master-192-168-8-48.1680.0
1768387808.8423007,21,21,0.6181014776229858,Train/min_prob,outputs_dev/vitb16/T=vtab_Q=3bit_L=lora_2_qkv-fc1-proj-fc2/cifar/20260114184203_default_acc=53.50/tensorboard/events.out.tfevents.1768387332.master-192-168-8-48.1680.0
1768387822.7814794,22,22,0.5877537727355957,Train/min_prob,outputs_dev/vitb16/T=vtab_Q=3bit_L=lora_2_qkv-fc1-proj-fc2/cifar/20260114184203_default_acc=53.50/tensorboard/events.out.tfevents.1768387332.master-192-168-8-48.1680.0
1768387836.5547545,23,23,0.5570399761199951,Train/min_prob,outputs_dev/vitb16/T=vtab_Q=3bit_L=lora_2_qkv-fc1-proj-fc2/cifar/20260114184203_default_acc=53.50/tensorboard/events.out.tfevents.1768387332.master-192-168-8-48.1680.0
1768387850.2915952,24,24,0.5260813236236572,Train/min_prob,outputs_dev/vitb16/T=vtab_Q=3bit_L=lora_2_qkv-fc1-proj-fc2/cifar/20260114184203_default_acc=53.50/tensorboard/events.out.tfevents.1768387332.master-192-168-8-48.1680.0
1768387864.181747,25,25,0.4950000047683716,Train/min_prob,outputs_dev/vitb16/T=vtab_Q=3bit_L=lora_2_qkv-fc1-proj-fc2/cifar/20260114184203_default_acc=53.50/tensorboard/events.out.tfevents.1768387332.master-192-168-8-48.1680.0
1768387877.988367,26,26,0.46391868591308594,Train/min_prob,outputs_dev/vitb16/T=vtab_Q=3bit_L=lora_2_qkv-fc1-proj-fc2/cifar/20260114184203_default_acc=53.50/tensorboard/events.out.tfevents.1768387332.master-192-168-8-48.1680.0
1768387891.660728,27,27,0.43296006321907043,Train/min_prob,outputs_dev/vitb16/T=vtab_Q=3bit_L=lora_2_qkv-fc1-proj-fc2/cifar/20260114184203_default_acc=53.50/tensorboard/events.out.tfevents.1768387332.master-192-168-8-48.1680.0
1768387905.4512525,28,28,0.40224623680114746,Train/min_prob,outputs_dev/vitb16/T=vtab_Q=3bit_L=lora_2_qkv-fc1-proj-fc2/cifar/20260114184203_default_acc=53.50/tensorboard/events.out.tfevents.1768387332.master-192-168-8-48.1680.0
1768387919.2611287,29,29,0.37189850211143494,Train/min_prob,outputs_dev/vitb16/T=vtab_Q=3bit_L=lora_2_qkv-fc1-proj-fc2/cifar/20260114184203_default_acc=53.50/tensorboard/events.out.tfevents.1768387332.master-192-168-8-48.1680.0
1768387972.1462395,30,30,0.34203657507896423,Train/min_prob,outputs_dev/vitb16/T=vtab_Q=3bit_L=lora_2_qkv-fc1-proj-fc2/cifar/20260114184203_default_acc=53.50/tensorboard/events.out.tfevents.1768387332.master-192-168-8-48.1680.0
1768387986.0119975,31,31,0.3127783536911011,Train/min_prob,outputs_dev/vitb16/T=vtab_Q=3bit_L=lora_2_qkv-fc1-proj-fc2/cifar/20260114184203_default_acc=53.50/tensorboard/events.out.tfevents.1768387332.master-192-168-8-48.1680.0
1768387999.7340167,32,32,0.284239262342453,Train/min_prob,outputs_dev/vitb16/T=vtab_Q=3bit_L=lora_2_qkv-fc1-proj-fc2/cifar/20260114184203_default_acc=53.50/tensorboard/events.out.tfevents.1768387332.master-192-168-8-48.1680.0
1768388013.6060386,33,33,0.2565319240093231,Train/min_prob,outputs_dev/vitb16/T=vtab_Q=3bit_L=lora_2_qkv-fc1-proj-fc2/cifar/20260114184203_default_acc=53.50/tensorboard/events.out.tfevents.1768387332.master-192-168-8-48.1680.0
1768388027.265972,34,34,0.22976574301719666,Train/min_prob,outputs_dev/vitb16/T=vtab_Q=3bit_L=lora_2_qkv-fc1-proj-fc2/cifar/20260114184203_default_acc=53.50/tensorboard/events.out.tfevents.1768387332.master-192-168-8-48.1680.0
1768388041.0278208,35,35,0.20404629409313202,Train/min_prob,outputs_dev/vitb16/T=vtab_Q=3bit_L=lora_2_qkv-fc1-proj-fc2/cifar/20260114184203_default_acc=53.50/tensorboard/events.out.tfevents.1768387332.master-192-168-8-48.1680.0
1768388054.6826396,36,36,0.17947512865066528,Train/min_prob,outputs_dev/vitb16/T=vtab_Q=3bit_L=lora_2_qkv-fc1-proj-fc2/cifar/20260114184203_default_acc=53.50/tensorboard/events.out.tfevents.1768387332.master-192-168-8-48.1680.0
1768388068.3488173,37,37,0.15614917874336243,Train/min_prob,outputs_dev/vitb16/T=vtab_Q=3bit_L=lora_2_qkv-fc1-proj-fc2/cifar/20260114184203_default_acc=53.50/tensorboard/events.out.tfevents.1768387332.master-192-168-8-48.1680.0
1768388082.042071,38,38,0.13416053354740143,Train/min_prob,outputs_dev/vitb16/T=vtab_Q=3bit_L=lora_2_qkv-fc1-proj-fc2/cifar/20260114184203_default_acc=53.50/tensorboard/events.out.tfevents.1768387332.master-192-168-8-48.1680.0
1768388095.922259,39,39,0.11359594762325287,Train/min_prob,outputs_dev/vitb16/T=vtab_Q=3bit_L=lora_2_qkv-fc1-proj-fc2/cifar/20260114184203_default_acc=53.50/tensorboard/events.out.tfevents.1768387332.master-192-168-8-48.1680.0
1768388147.9488344,40,40,0.09453658759593964,Train/min_prob,outputs_dev/vitb16/T=vtab_Q=3bit_L=lora_2_qkv-fc1-proj-fc2/cifar/20260114184203_default_acc=53.50/tensorboard/events.out.tfevents.1768387332.master-192-168-8-48.1680.0
1768388161.791917,41,41,0.07705767452716827,Train/min_prob,outputs_dev/vitb16/T=vtab_Q=3bit_L=lora_2_qkv-fc1-proj-fc2/cifar/20260114184203_default_acc=53.50/tensorboard/events.out.tfevents.1768387332.master-192-168-8-48.1680.0
1768388175.4153032,42,42,0.0612281933426857,Train/min_prob,outputs_dev/vitb16/T=vtab_Q=3bit_L=lora_2_qkv-fc1-proj-fc2/cifar/20260114184203_default_acc=53.50/tensorboard/events.out.tfevents.1768387332.master-192-168-8-48.1680.0
1768388189.1469896,43,43,0.04711060971021652,Train/min_prob,outputs_dev/vitb16/T=vtab_Q=3bit_L=lora_2_qkv-fc1-proj-fc2/cifar/20260114184203_default_acc=53.50/tensorboard/events.out.tfevents.1768387332.master-192-168-8-48.1680.0
1768388202.953693,44,44,0.03476063907146454,Train/min_prob,outputs_dev/vitb16/T=vtab_Q=3bit_L=lora_2_qkv-fc1-proj-fc2/cifar/20260114184203_default_acc=53.50/tensorboard/events.out.tfevents.1768387332.master-192-168-8-48.1680.0
1768388216.7580647,45,45,0.024227024987339973,Train/min_prob,outputs_dev/vitb16/T=vtab_Q=3bit_L=lora_2_qkv-fc1-proj-fc2/cifar/20260114184203_default_acc=53.50/tensorboard/events.out.tfevents.1768387332.master-192-168-8-48.1680.0
1768388230.7004836,46,46,0.01555133517831564,Train/min_prob,outputs_dev/vitb16/T=vtab_Q=3bit_L=lora_2_qkv-fc1-proj-fc2/cifar/20260114184203_default_acc=53.50/tensorboard/events.out.tfevents.1768387332.master-192-168-8-48.1680.0
1768388244.524807,47,47,0.00876781065016985,Train/min_prob,outputs_dev/vitb16/T=vtab_Q=3bit_L=lora_2_qkv-fc1-proj-fc2/cifar/20260114184203_default_acc=53.50/tensorboard/events.out.tfevents.1768387332.master-192-168-8-48.1680.0
1768388258.2740455,48,48,0.0039032227359712124,Train/min_prob,outputs_dev/vitb16/T=vtab_Q=3bit_L=lora_2_qkv-fc1-proj-fc2/cifar/20260114184203_default_acc=53.50/tensorboard/events.out.tfevents.1768387332.master-192-168-8-48.1680.0
1768388271.961875,49,49,0.0009767693700268865,Train/min_prob,outputs_dev/vitb16/T=vtab_Q=3bit_L=lora_2_qkv-fc1-proj-fc2/cifar/20260114184203_default_acc=53.50/tensorboard/events.out.tfevents.1768387332.master-192-168-8-48.1680.0
1768388336.165457,50,50,0.0,Train/min_prob,outputs_dev/vitb16/T=vtab_Q=3bit_L=lora_2_qkv-fc1-proj-fc2/cifar/20260114184203_default_acc=53.50/tensorboard/events.out.tfevents.1768387332.master-192-168-8-48.1680.0
1768388348.978166,51,51,0.0,Train/min_prob,outputs_dev/vitb16/T=vtab_Q=3bit_L=lora_2_qkv-fc1-proj-fc2/cifar/20260114184203_default_acc=53.50/tensorboard/events.out.tfevents.1768387332.master-192-168-8-48.1680.0
1768388361.7283893,52,52,0.0,Train/min_prob,outputs_dev/vitb16/T=vtab_Q=3bit_L=lora_2_qkv-fc1-proj-fc2/cifar/20260114184203_default_acc=53.50/tensorboard/events.out.tfevents.1768387332.master-192-168-8-48.1680.0
1768388374.536728,53,53,0.0,Train/min_prob,outputs_dev/vitb16/T=vtab_Q=3bit_L=lora_2_qkv-fc1-proj-fc2/cifar/20260114184203_default_acc=53.50/tensorboard/events.out.tfevents.1768387332.master-192-168-8-48.1680.0
1768388387.3291845,54,54,0.0,Train/min_prob,outputs_dev/vitb16/T=vtab_Q=3bit_L=lora_2_qkv-fc1-proj-fc2/cifar/20260114184203_default_acc=53.50/tensorboard/events.out.tfevents.1768387332.master-192-168-8-48.1680.0
1768388399.977004,55,55,0.0,Train/min_prob,outputs_dev/vitb16/T=vtab_Q=3bit_L=lora_2_qkv-fc1-proj-fc2/cifar/20260114184203_default_acc=53.50/tensorboard/events.out.tfevents.1768387332.master-192-168-8-48.1680.0
1768388412.686032,56,56,0.0,Train/min_prob,outputs_dev/vitb16/T=vtab_Q=3bit_L=lora_2_qkv-fc1-proj-fc2/cifar/20260114184203_default_acc=53.50/tensorboard/events.out.tfevents.1768387332.master-192-168-8-48.1680.0
1768388425.2529702,57,57,0.0,Train/min_prob,outputs_dev/vitb16/T=vtab_Q=3bit_L=lora_2_qkv-fc1-proj-fc2/cifar/20260114184203_default_acc=53.50/tensorboard/events.out.tfevents.1768387332.master-192-168-8-48.1680.0
1768388437.9394062,58,58,0.0,Train/min_prob,outputs_dev/vitb16/T=vtab_Q=3bit_L=lora_2_qkv-fc1-proj-fc2/cifar/20260114184203_default_acc=53.50/tensorboard/events.out.tfevents.1768387332.master-192-168-8-48.1680.0
1768388450.618893,59,59,0.0,Train/min_prob,outputs_dev/vitb16/T=vtab_Q=3bit_L=lora_2_qkv-fc1-proj-fc2/cifar/20260114184203_default_acc=53.50/tensorboard/events.out.tfevents.1768387332.master-192-168-8-48.1680.0
1768388500.632731,60,60,0.0,Train/min_prob,outputs_dev/vitb16/T=vtab_Q=3bit_L=lora_2_qkv-fc1-proj-fc2/cifar/20260114184203_default_acc=53.50/tensorboard/events.out.tfevents.1768387332.master-192-168-8-48.1680.0
1768388513.3388371,61,61,0.0,Train/min_prob,outputs_dev/vitb16/T=vtab_Q=3bit_L=lora_2_qkv-fc1-proj-fc2/cifar/20260114184203_default_acc=53.50/tensorboard/events.out.tfevents.1768387332.master-192-168-8-48.1680.0
1768388525.9413443,62,62,0.0,Train/min_prob,outputs_dev/vitb16/T=vtab_Q=3bit_L=lora_2_qkv-fc1-proj-fc2/cifar/20260114184203_default_acc=53.50/tensorboard/events.out.tfevents.1768387332.master-192-168-8-48.1680.0
1768388538.6236672,63,63,0.0,Train/min_prob,outputs_dev/vitb16/T=vtab_Q=3bit_L=lora_2_qkv-fc1-proj-fc2/cifar/20260114184203_default_acc=53.50/tensorboard/events.out.tfevents.1768387332.master-192-168-8-48.1680.0
1768388551.4181952,64,64,0.0,Train/min_prob,outputs_dev/vitb16/T=vtab_Q=3bit_L=lora_2_qkv-fc1-proj-fc2/cifar/20260114184203_default_acc=53.50/tensorboard/events.out.tfevents.1768387332.master-192-168-8-48.1680.0
1768388564.2987247,65,65,0.0,Train/min_prob,outputs_dev/vitb16/T=vtab_Q=3bit_L=lora_2_qkv-fc1-proj-fc2/cifar/20260114184203_default_acc=53.50/tensorboard/events.out.tfevents.1768387332.master-192-168-8-48.1680.0
1768388577.175373,66,66,0.0,Train/min_prob,outputs_dev/vitb16/T=vtab_Q=3bit_L=lora_2_qkv-fc1-proj-fc2/cifar/20260114184203_default_acc=53.50/tensorboard/events.out.tfevents.1768387332.master-192-168-8-48.1680.0
1768388589.9101777,67,67,0.0,Train/min_prob,outputs_dev/vitb16/T=vtab_Q=3bit_L=lora_2_qkv-fc1-proj-fc2/cifar/20260114184203_default_acc=53.50/tensorboard/events.out.tfevents.1768387332.master-192-168-8-48.1680.0
1768388602.8057346,68,68,0.0,Train/min_prob,outputs_dev/vitb16/T=vtab_Q=3bit_L=lora_2_qkv-fc1-proj-fc2/cifar/20260114184203_default_acc=53.50/tensorboard/events.out.tfevents.1768387332.master-192-168-8-48.1680.0
1768388615.616402,69,69,0.0,Train/min_prob,outputs_dev/vitb16/T=vtab_Q=3bit_L=lora_2_qkv-fc1-proj-fc2/cifar/20260114184203_default_acc=53.50/tensorboard/events.out.tfevents.1768387332.master-192-168-8-48.1680.0
1768388678.2594736,70,70,0.0,Train/min_prob,outputs_dev/vitb16/T=vtab_Q=3bit_L=lora_2_qkv-fc1-proj-fc2/cifar/20260114184203_default_acc=53.50/tensorboard/events.out.tfevents.1768387332.master-192-168-8-48.1680.0
1768388690.9540572,71,71,0.0,Train/min_prob,outputs_dev/vitb16/T=vtab_Q=3bit_L=lora_2_qkv-fc1-proj-fc2/cifar/20260114184203_default_acc=53.50/tensorboard/events.out.tfevents.1768387332.master-192-168-8-48.1680.0
1768388703.4893317,72,72,0.0,Train/min_prob,outputs_dev/vitb16/T=vtab_Q=3bit_L=lora_2_qkv-fc1-proj-fc2/cifar/20260114184203_default_acc=53.50/tensorboard/events.out.tfevents.1768387332.master-192-168-8-48.1680.0
1768388716.1071336,73,73,0.0,Train/min_prob,outputs_dev/vitb16/T=vtab_Q=3bit_L=lora_2_qkv-fc1-proj-fc2/cifar/20260114184203_default_acc=53.50/tensorboard/events.out.tfevents.1768387332.master-192-168-8-48.1680.0
1768388729.5680542,74,74,0.0,Train/min_prob,outputs_dev/vitb16/T=vtab_Q=3bit_L=lora_2_qkv-fc1-proj-fc2/cifar/20260114184203_default_acc=53.50/tensorboard/events.out.tfevents.1768387332.master-192-168-8-48.1680.0
1768388742.71326,75,75,0.0,Train/min_prob,outputs_dev/vitb16/T=vtab_Q=3bit_L=lora_2_qkv-fc1-proj-fc2/cifar/20260114184203_default_acc=53.50/tensorboard/events.out.tfevents.1768387332.master-192-168-8-48.1680.0
1768388755.949188,76,76,0.0,Train/min_prob,outputs_dev/vitb16/T=vtab_Q=3bit_L=lora_2_qkv-fc1-proj-fc2/cifar/20260114184203_default_acc=53.50/tensorboard/events.out.tfevents.1768387332.master-192-168-8-48.1680.0
1768388768.7742255,77,77,0.0,Train/min_prob,outputs_dev/vitb16/T=vtab_Q=3bit_L=lora_2_qkv-fc1-proj-fc2/cifar/20260114184203_default_acc=53.50/tensorboard/events.out.tfevents.1768387332.master-192-168-8-48.1680.0
1768388781.555218,78,78,0.0,Train/min_prob,outputs_dev/vitb16/T=vtab_Q=3bit_L=lora_2_qkv-fc1-proj-fc2/cifar/20260114184203_default_acc=53.50/tensorboard/events.out.tfevents.1768387332.master-192-168-8-48.1680.0
1768388794.9292638,79,79,0.0,Train/min_prob,outputs_dev/vitb16/T=vtab_Q=3bit_L=lora_2_qkv-fc1-proj-fc2/cifar/20260114184203_default_acc=53.50/tensorboard/events.out.tfevents.1768387332.master-192-168-8-48.1680.0
1768388843.226351,80,80,0.0,Train/min_prob,outputs_dev/vitb16/T=vtab_Q=3bit_L=lora_2_qkv-fc1-proj-fc2/cifar/20260114184203_default_acc=53.50/tensorboard/events.out.tfevents.1768387332.master-192-168-8-48.1680.0
1768388857.8954024,81,81,0.0,Train/min_prob,outputs_dev/vitb16/T=vtab_Q=3bit_L=lora_2_qkv-fc1-proj-fc2/cifar/20260114184203_default_acc=53.50/tensorboard/events.out.tfevents.1768387332.master-192-168-8-48.1680.0
1768388870.7299688,82,82,0.0,Train/min_prob,outputs_dev/vitb16/T=vtab_Q=3bit_L=lora_2_qkv-fc1-proj-fc2/cifar/20260114184203_default_acc=53.50/tensorboard/events.out.tfevents.1768387332.master-192-168-8-48.1680.0
1768388883.8435876,83,83,0.0,Train/min_prob,outputs_dev/vitb16/T=vtab_Q=3bit_L=lora_2_qkv-fc1-proj-fc2/cifar/20260114184203_default_acc=53.50/tensorboard/events.out.tfevents.1768387332.master-192-168-8-48.1680.0
1768388896.7706373,84,84,0.0,Train/min_prob,outputs_dev/vitb16/T=vtab_Q=3bit_L=lora_2_qkv-fc1-proj-fc2/cifar/20260114184203_default_acc=53.50/tensorboard/events.out.tfevents.1768387332.master-192-168-8-48.1680.0
1768388909.669031,85,85,0.0,Train/min_prob,outputs_dev/vitb16/T=vtab_Q=3bit_L=lora_2_qkv-fc1-proj-fc2/cifar/20260114184203_default_acc=53.50/tensorboard/events.out.tfevents.1768387332.master-192-168-8-48.1680.0
1768388922.561414,86,86,0.0,Train/min_prob,outputs_dev/vitb16/T=vtab_Q=3bit_L=lora_2_qkv-fc1-proj-fc2/cifar/20260114184203_default_acc=53.50/tensorboard/events.out.tfevents.1768387332.master-192-168-8-48.1680.0
1768388935.4125328,87,87,0.0,Train/min_prob,outputs_dev/vitb16/T=vtab_Q=3bit_L=lora_2_qkv-fc1-proj-fc2/cifar/20260114184203_default_acc=53.50/tensorboard/events.out.tfevents.1768387332.master-192-168-8-48.1680.0
1768388948.1860945,88,88,0.0,Train/min_prob,outputs_dev/vitb16/T=vtab_Q=3bit_L=lora_2_qkv-fc1-proj-fc2/cifar/20260114184203_default_acc=53.50/tensorboard/events.out.tfevents.1768387332.master-192-168-8-48.1680.0
1768388961.1451652,89,89,0.0,Train/min_prob,outputs_dev/vitb16/T=vtab_Q=3bit_L=lora_2_qkv-fc1-proj-fc2/cifar/20260114184203_default_acc=53.50/tensorboard/events.out.tfevents.1768387332.master-192-168-8-48.1680.0
1768389009.8014598,90,90,0.0,Train/min_prob,outputs_dev/vitb16/T=vtab_Q=3bit_L=lora_2_qkv-fc1-proj-fc2/cifar/20260114184203_default_acc=53.50/tensorboard/events.out.tfevents.1768387332.master-192-168-8-48.1680.0
1768389022.6106281,91,91,0.0,Train/min_prob,outputs_dev/vitb16/T=vtab_Q=3bit_L=lora_2_qkv-fc1-proj-fc2/cifar/20260114184203_default_acc=53.50/tensorboard/events.out.tfevents.1768387332.master-192-168-8-48.1680.0
1768389035.3361406,92,92,0.0,Train/min_prob,outputs_dev/vitb16/T=vtab_Q=3bit_L=lora_2_qkv-fc1-proj-fc2/cifar/20260114184203_default_acc=53.50/tensorboard/events.out.tfevents.1768387332.master-192-168-8-48.1680.0
1768389048.1121988,93,93,0.0,Train/min_prob,outputs_dev/vitb16/T=vtab_Q=3bit_L=lora_2_qkv-fc1-proj-fc2/cifar/20260114184203_default_acc=53.50/tensorboard/events.out.tfevents.1768387332.master-192-168-8-48.1680.0
1768389060.8997164,94,94,0.0,Train/min_prob,outputs_dev/vitb16/T=vtab_Q=3bit_L=lora_2_qkv-fc1-proj-fc2/cifar/20260114184203_default_acc=53.50/tensorboard/events.out.tfevents.1768387332.master-192-168-8-48.1680.0
1768389073.48068,95,95,0.0,Train/min_prob,outputs_dev/vitb16/T=vtab_Q=3bit_L=lora_2_qkv-fc1-proj-fc2/cifar/20260114184203_default_acc=53.50/tensorboard/events.out.tfevents.1768387332.master-192-168-8-48.1680.0
1768389086.2550068,96,96,0.0,Train/min_prob,outputs_dev/vitb16/T=vtab_Q=3bit_L=lora_2_qkv-fc1-proj-fc2/cifar/20260114184203_default_acc=53.50/tensorboard/events.out.tfevents.1768387332.master-192-168-8-48.1680.0
1768389099.148155,97,97,0.0,Train/min_prob,outputs_dev/vitb16/T=vtab_Q=3bit_L=lora_2_qkv-fc1-proj-fc2/cifar/20260114184203_default_acc=53.50/tensorboard/events.out.tfevents.1768387332.master-192-168-8-48.1680.0
1768389112.1255655,98,98,0.0,Train/min_prob,outputs_dev/vitb16/T=vtab_Q=3bit_L=lora_2_qkv-fc1-proj-fc2/cifar/20260114184203_default_acc=53.50/tensorboard/events.out.tfevents.1768387332.master-192-168-8-48.1680.0
1768389195.2731946,99,99,0.0,Train/min_prob,outputs_dev/vitb16/T=vtab_Q=3bit_L=lora_2_qkv-fc1-proj-fc2/cifar/20260114184203_default_acc=53.50/tensorboard/events.out.tfevents.1768387332.master-192-168-8-48.1680.0
