tensor_type,bin_left,bin_right,density,count,in_range_count,total_sampled_count,plot_range_low,plot_range_high
ordinary,-0.953284228682518,-0.9364857300251723,0.005964842623467847,30,299400,300000,-0.953284228682518,1.0625356101989698
ordinary,-0.9364857300251723,-0.9196872313678266,0.0075554673230592735,38,299400,300000,-0.953284228682518,1.0625356101989698
ordinary,-0.9196872313678266,-0.9028887327104809,0.006561326885814632,33,299400,300000,-0.953284228682518,1.0625356101989698
ordinary,-0.9028887327104809,-0.8860902340531351,0.008350779672854986,42,299400,300000,-0.953284228682518,1.0625356101989698
ordinary,-0.8860902340531351,-0.8692917353957894,0.0075554673230592735,38,299400,300000,-0.953284228682518,1.0625356101989698
ordinary,-0.8692917353957894,-0.8524932367384437,0.01252616950928248,63,299400,300000,-0.953284228682518,1.0625356101989698
ordinary,-0.8524932367384437,-0.835694738081098,0.01709921552060783,86,299400,300000,-0.953284228682518,1.0625356101989698
ordinary,-0.835694738081098,-0.8188962394237522,0.013719138033976048,69,299400,300000,-0.953284228682518,1.0625356101989698
ordinary,-0.8188962394237522,-0.8020977407664065,0.015508590821016403,78,299400,300000,-0.953284228682518,1.0625356101989698
ordinary,-0.8020977407664065,-0.7852992421090608,0.02127460535703532,107,299400,300000,-0.953284228682518,1.0625356101989698
ordinary,-0.7852992421090608,-0.768500743451715,0.025251167106013887,127,299400,300000,-0.953284228682518,1.0625356101989698
ordinary,-0.768500743451715,-0.7517022447943693,0.031017181642032807,156,299400,300000,-0.953284228682518,1.0625356101989698
ordinary,-0.7517022447943693,-0.7349037461370236,0.029824213117339234,150,299400,300000,-0.953284228682518,1.0625356101989698
ordinary,-0.7349037461370236,-0.7181052474796779,0.03916913322743887,197,299400,300000,-0.953284228682518,1.0625356101989698
ordinary,-0.7181052474796779,-0.7013067488223321,0.041952726451723855,211,299400,300000,-0.953284228682518,1.0625356101989698
ordinary,-0.7013067488223321,-0.6845082501649864,0.04135624218937708,208,299400,300000,-0.953284228682518,1.0625356101989698
ordinary,-0.6845082501649864,-0.6677097515076407,0.05169530273672134,260,299400,300000,-0.953284228682518,1.0625356101989698
ordinary,-0.6677097515076407,-0.6509112528502949,0.05825662962253597,293,299400,300000,-0.953284228682518,1.0625356101989698
ordinary,-0.6509112528502949,-0.6341127541929492,0.0681980339949824,343,299400,300000,-0.953284228682518,1.0625356101989698
ordinary,-0.6341127541929492,-0.6173142555356035,0.07913357880467344,398,299400,300000,-0.953284228682518,1.0625356101989698
ordinary,-0.6173142555356035,-0.6005157568782578,0.10020935607425983,504,299400,300000,-0.953284228682518,1.0625356101989698
ordinary,-0.6005157568782578,-0.583717258220912,0.10179998077385126,512,299400,300000,-0.953284228682518,1.0625356101989698
ordinary,-0.583717258220912,-0.5669187595635663,0.11015076044670626,554,299400,300000,-0.953284228682518,1.0625356101989698
ordinary,-0.5669187595635663,-0.5501202609062205,0.14454801957536986,727,299400,300000,-0.953284228682518,1.0625356101989698
ordinary,-0.5501202609062205,-0.5333217622488747,0.14951872176159403,752,299400,300000,-0.953284228682518,1.0625356101989698
ordinary,-0.5333217622488747,-0.516523263591529,0.17576402930485258,884,299400,300000,-0.953284228682518,1.0625356101989698
ordinary,-0.516523263591529,-0.4997247649341833,0.2034011334602536,1023,299400,300000,-0.953284228682518,1.0625356101989698
ordinary,-0.4997247649341833,-0.48292626627683755,0.23064058144075675,1160,299400,300000,-0.953284228682518,1.0625356101989698
ordinary,-0.48292626627683755,-0.4661277676194918,0.24455854756218176,1230,299400,300000,-0.953284228682518,1.0625356101989698
ordinary,-0.4661277676194918,-0.4493292689621461,0.290885491937782,1463,299400,300000,-0.953284228682518,1.0625356101989698
ordinary,-0.4493292689621461,-0.43253077030480036,0.30977416024543025,1558,299400,300000,-0.953284228682518,1.0625356101989698
ordinary,-0.43253077030480036,-0.41573227164745463,0.3485456372979712,1753,299400,300000,-0.953284228682518,1.0625356101989698
ordinary,-0.41573227164745463,-0.3989337729901089,0.3914925041869397,1969,299400,300000,-0.953284228682518,1.0625356101989698
ordinary,-0.3989337729901089,-0.3821352743327632,0.4308604655018275,2167,299400,300000,-0.953284228682518,1.0625356101989698
ordinary,-0.3821352743327632,-0.36533677567541745,0.4740061604782449,2384,299400,300000,-0.953284228682518,1.0625356101989698
ordinary,-0.36533677567541745,-0.3485382770180717,0.5211284172036409,2621,299400,300000,-0.953284228682518,1.0625356101989698
ordinary,-0.3485382770180717,-0.331739778360726,0.5758061412520963,2896,299400,300000,-0.953284228682518,1.0625356101989698
ordinary,-0.331739778360726,-0.31494127970338026,0.6553373762316674,3296,299400,300000,-0.953284228682518,1.0625356101989698
ordinary,-0.31494127970338026,-0.29814278104603453,0.714985802466346,3596,299400,300000,-0.953284228682518,1.0625356101989698
ordinary,-0.29814278104603453,-0.2813442823886888,0.7790084466249009,3918,299400,300000,-0.953284228682518,1.0625356101989698
ordinary,-0.2813442823886888,-0.2645457837313431,0.8197682045519311,4123,299400,300000,-0.953284228682518,1.0625356101989698
ordinary,-0.2645457837313431,-0.24774728507399735,0.90347482936793,4544,299400,300000,-0.953284228682518,1.0625356101989698
ordinary,-0.24774728507399735,-0.23094878641665162,0.9470181805192451,4763,299400,300000,-0.953284228682518,1.0625356101989698
ordinary,-0.23094878641665162,-0.2141502877593059,1.0323154300348354,5192,299400,300000,-0.953284228682518,1.0625356101989698
ordinary,-0.2141502877593059,-0.19735178910196016,1.0867943259958417,5466,299400,300000,-0.953284228682518,1.0625356101989698
ordinary,-0.19735178910196016,-0.18055329044461443,1.1712962631616362,5891,299400,300000,-0.953284228682518,1.0625356101989698
ordinary,-0.18055329044461443,-0.1637547917872687,1.2621606991257965,6348,299400,300000,-0.953284228682518,1.0625356101989698
ordinary,-0.1637547917872687,-0.14695629312992287,1.289996631368638,6488,299400,300000,-0.953284228682518,1.0625356101989698
ordinary,-0.14695629312992287,-0.13015779447257714,1.4096911400129013,7090,299400,300000,-0.953284228682518,1.0625356101989698
ordinary,-0.13015779447257714,-0.11335929581523141,1.4331528543318748,7208,299400,300000,-0.953284228682518,1.0625356101989698
ordinary,-0.11335929581523141,-0.09656079715788568,1.4941930771786958,7515,299400,300000,-0.953284228682518,1.0625356101989698
ordinary,-0.09656079715788568,-0.07976229850053995,1.5087075275624675,7588,299400,300000,-0.953284228682518,1.0625356101989698
ordinary,-0.07976229850053995,-0.06296379984319422,1.6085192274618296,8090,299400,300000,-0.953284228682518,1.0625356101989698
ordinary,-0.06296379984319422,-0.046165301185848495,1.6115016487735634,8105,299400,300000,-0.953284228682518,1.0625356101989698
ordinary,-0.046165301185848495,-0.029366802528502767,1.6079227431994827,8087,299400,300000,-0.953284228682518,1.0625356101989698
ordinary,-0.029366802528502767,-0.012568303871157038,1.657232108886817,8335,299400,300000,-0.953284228682518,1.0625356101989698
ordinary,-0.012568303871157038,0.00423019478618869,1.6679688256090592,8389,299400,300000,-0.953284228682518,1.0625356101989698
ordinary,0.00423019478618869,0.02102869344353442,1.6480860168641662,8289,299400,300000,-0.953284228682518,1.0625356101989698
ordinary,0.02102869344353442,0.03782719210088015,1.606928602762238,8082,299400,300000,-0.953284228682518,1.0625356101989698
ordinary,0.03782719210088015,0.054625690758225875,1.5619934549987802,7856,299400,300000,-0.953284228682518,1.0625356101989698
ordinary,0.054625690758225875,0.0714241894155716,1.5916188400286706,8005,299400,300000,-0.953284228682518,1.0625356101989698
ordinary,0.0714241894155716,0.08822268807291733,1.5721336874586758,7907,299400,300000,-0.953284228682518,1.0625356101989698
ordinary,0.08822268807291733,0.10502118673026306,1.5194442442847096,7642,299400,300000,-0.953284228682518,1.0625356101989698
ordinary,0.10502118673026306,0.12181968538760879,1.4607899584872759,7347,299400,300000,-0.953284228682518,1.0625356101989698
ordinary,0.12181968538760879,0.13861818404495452,1.3906036436178042,6994,299400,300000,-0.953284228682518,1.0625356101989698
ordinary,0.13861818404495452,0.15541668270230025,1.3538204474397524,6809,299400,300000,-0.953284228682518,1.0625356101989698
ordinary,0.15541668270230025,0.17221518135964597,1.2822423359581383,6449,299400,300000,-0.953284228682518,1.0625356101989698
ordinary,0.17221518135964597,0.1890136800169917,1.2263716433849894,6168,299400,300000,-0.953284228682518,1.0625356101989698
ordinary,0.1890136800169917,0.20581217867433743,1.1345130669835846,5706,299400,300000,-0.953284228682518,1.0625356101989698
ordinary,0.20581217867433743,0.22261067733168316,1.0732740160493146,5398,299400,300000,-0.953284228682518,1.0625356101989698
ordinary,0.22261067733168316,0.2394091759890289,0.9999064517806602,5029,299400,300000,-0.953284228682518,1.0625356101989698
ordinary,0.2394091759890289,0.2562076746463746,0.9505970860933258,4781,299400,300000,-0.953284228682518,1.0625356101989698
ordinary,0.2562076746463746,0.27300617330372035,0.8818025678359968,4435,299400,300000,-0.953284228682518,1.0625356101989698
ordinary,0.27300617330372035,0.2898046719610661,0.8374639043348858,4212,299400,300000,-0.953284228682518,1.0625356101989698
ordinary,0.2898046719610661,0.3066031706184118,0.7320850179869538,3682,299400,300000,-0.953284228682518,1.0625356101989698
ordinary,0.3066031706184118,0.32340166927575753,0.6833721365619664,3437,299400,300000,-0.953284228682518,1.0625356101989698
ordinary,0.32340166927575753,0.34020016793310326,0.6185541800536157,3111,299400,300000,-0.953284228682518,1.0625356101989698
ordinary,0.34020016793310326,0.356998666590449,0.576402625514443,2899,299400,300000,-0.953284228682518,1.0625356101989698
ordinary,0.356998666590449,0.3737971652477947,0.5161577150174177,2596,299400,300000,-0.953284228682518,1.0625356101989698
ordinary,0.3737971652477947,0.39059566390514044,0.47241553577865353,2376,299400,300000,-0.953284228682518,1.0625356101989698
ordinary,0.39059566390514044,0.4073941625624862,0.42986632506458283,2162,299400,300000,-0.953284228682518,1.0625356101989698
ordinary,0.4073941625624862,0.4241926612198319,0.387913598612859,1951,299400,300000,-0.953284228682518,1.0625356101989698
ordinary,0.4241926612198319,0.44099115987717763,0.34238196658705444,1722,299400,300000,-0.953284228682518,1.0625356101989698
ordinary,0.44099115987717763,0.45778965853452336,0.324089782541753,1630,299400,300000,-0.953284228682518,1.0625356101989698
ordinary,0.45778965853452336,0.4745881571918691,0.26702612144391064,1343,299400,300000,-0.953284228682518,1.0625356101989698
ordinary,0.4745881571918691,0.4913866558492148,0.2419737824253457,1217,299400,300000,-0.953284228682518,1.0625356101989698
ordinary,0.4913866558492148,0.5081851545065605,0.2232839422051464,1123,299400,300000,-0.953284228682518,1.0625356101989698
ordinary,0.5081851545065605,0.5249836531639063,0.19862925936147932,999,299400,300000,-0.953284228682518,1.0625356101989698
ordinary,0.5249836531639063,0.541782151821252,0.18391598089025862,925,299400,300000,-0.953284228682518,1.0625356101989698
ordinary,0.541782151821252,0.5585806504785977,0.15329645542312367,771,299400,300000,-0.953284228682518,1.0625356101989698
ordinary,0.5585806504785977,0.5753791491359435,0.13043122536649693,656,299400,300000,-0.953284228682518,1.0625356101989698
ordinary,0.5753791491359435,0.5921776477932892,0.11929685246935694,600,299400,300000,-0.953284228682518,1.0625356101989698
ordinary,0.5921776477932892,0.6089761464506349,0.09623279432528127,484,299400,300000,-0.953284228682518,1.0625356101989698
ordinary,0.6089761464506349,0.6257746451079806,0.09006912361436449,453,299400,300000,-0.953284228682518,1.0625356101989698
ordinary,0.6257746451079806,0.6425731437653264,0.08231482820385629,414,299400,300000,-0.953284228682518,1.0625356101989698
ordinary,0.6425731437653264,0.6593716424226723,0.07396404853100033,372,299400,300000,-0.953284228682518,1.0625356101989698
ordinary,0.6593716424226723,0.676170141080018,0.06541444077069739,329,299400,300000,-0.953284228682518,1.0625356101989698
ordinary,0.676170141080018,0.6929686397373638,0.05268944317396599,265,299400,300000,-0.953284228682518,1.0625356101989698
ordinary,0.6929686397373638,0.7097671383947095,0.04235038262662172,213,299400,300000,-0.953284228682518,1.0625356101989698
ordinary,0.7097671383947095,0.7265656370520552,0.04235038262662172,213,299400,300000,-0.953284228682518,1.0625356101989698
ordinary,0.7265656370520552,0.743364135709401,0.03081835355458388,155,299400,300000,-0.953284228682518,1.0625356101989698
ordinary,0.743364135709401,0.7601626343667467,0.026245307543258527,132,299400,300000,-0.953284228682518,1.0625356101989698
ordinary,0.7601626343667467,0.7769611330240924,0.0260464794558096,131,299400,300000,-0.953284228682518,1.0625356101989698
ordinary,0.7769611330240924,0.7937596316814381,0.02385937049387139,120,299400,300000,-0.953284228682518,1.0625356101989698
ordinary,0.7937596316814381,0.8105581303387839,0.018292184045301398,92,299400,300000,-0.953284228682518,1.0625356101989698
ordinary,0.8105581303387839,0.8273566289961296,0.01352030994652712,68,299400,300000,-0.953284228682518,1.0625356101989698
ordinary,0.8273566289961296,0.8441551276534753,0.015110934646118547,76,299400,300000,-0.953284228682518,1.0625356101989698
ordinary,0.8441551276534753,0.8609536263108211,0.012327341421833551,62,299400,300000,-0.953284228682518,1.0625356101989698
ordinary,0.8609536263108211,0.8777521249681668,0.010736716722242126,54,299400,300000,-0.953284228682518,1.0625356101989698
ordinary,0.8777521249681668,0.8945506236255125,0.010935544809691054,55,299400,300000,-0.953284228682518,1.0625356101989698
ordinary,0.8945506236255125,0.9113491222828582,0.0075554673230592735,38,299400,300000,-0.953284228682518,1.0625356101989698
ordinary,0.9113491222828582,0.928147620940204,0.00894726393520177,45,299400,300000,-0.953284228682518,1.0625356101989698
ordinary,0.928147620940204,0.9449461195975497,0.0061636707109167755,31,299400,300000,-0.953284228682518,1.0625356101989698
ordinary,0.9449461195975497,0.9617446182548954,0.00676015497326356,34,299400,300000,-0.953284228682518,1.0625356101989698
ordinary,0.9617446182548954,0.9785431169122412,0.005964842623467847,30,299400,300000,-0.953284228682518,1.0625356101989698
ordinary,0.9785431169122412,0.9953416155695869,0.005567186448569991,28,299400,300000,-0.953284228682518,1.0625356101989698
ordinary,0.9953416155695869,1.0121401142269326,0.004374217923876421,22,299400,300000,-0.953284228682518,1.0625356101989698
ordinary,1.0121401142269326,1.0289386128842783,0.0047718740987742776,24,299400,300000,-0.953284228682518,1.0625356101989698
ordinary,1.0289386128842783,1.045737111541624,0.003181249399182852,16,299400,300000,-0.953284228682518,1.0625356101989698
ordinary,1.045737111541624,1.0625356101989698,0.0037777336615296368,19,299400,300000,-0.953284228682518,1.0625356101989698
post-GELU,-0.1699704975038767,-0.15107701173611,9.220554585585061,52158,299400,300000,-0.1699704975038767,2.0972477946281285
post-GELU,-0.15107701173611,-0.13218352596834326,4.236208242922936,23963,299400,300000,-0.1699704975038767,2.0972477946281285
post-GELU,-0.13218352596834326,-0.11329004020057656,3.551711380401654,20091,299400,300000,-0.1699704975038767,2.0972477946281285
post-GELU,-0.11329004020057656,-0.09439655443280985,3.39472966193086,19203,299400,300000,-0.1699704975038767,2.0972477946281285
post-GELU,-0.09439655443280985,-0.07550306866504314,3.359019856603045,19001,299400,300000,-0.1699704975038767,2.0972477946281285
post-GELU,-0.07550306866504314,-0.05660958289727644,3.5315583219493227,19977,299400,300000,-0.1699704975038767,2.0972477946281285
post-GELU,-0.05660958289727644,-0.03771609712950971,4.040157876048942,22854,299400,300000,-0.1699704975038767,2.0972477946281285
post-GELU,-0.03771609712950971,-0.018822611361743014,5.083343822778835,28755,299400,300000,-0.1699704975038767,2.0972477946281285
post-GELU,-0.018822611361743014,7.087440602368544e-05,12.038093582192575,68096,299400,300000,-0.1699704975038767,2.0972477946281285
post-GELU,7.087440602368544e-05,0.018964360173790412,0.28550166140802663,1615,299400,300000,-0.1699704975038767,2.0972477946281285
post-GELU,0.018964360173790412,0.03785784594155711,0.2581005731614362,1460,299400,300000,-0.1699704975038767,2.0972477946281285
post-GELU,0.03785784594155711,0.05675133170932381,0.24325095114392892,1376,299400,300000,-0.1699704975038767,2.0972477946281285
post-GELU,0.05675133170932381,0.07564481747709054,0.21655698775531432,1225,299400,300000,-0.1699704975038767,2.0972477946281285
post-GELU,0.07564481747709054,0.09453830324485726,0.20966252039004307,1186,299400,300000,-0.1699704975038767,2.0972477946281285
post-GELU,0.09453830324485726,0.11343178901262393,0.18243821335794697,1032,299400,300000,-0.1699704975038767,2.0972477946281285
post-GELU,0.11343178901262393,0.13232527478039066,0.1702403095578512,963,299400,300000,-0.1699704975038767,2.0972477946281285
post-GELU,0.13232527478039066,0.1512187605481574,0.14743553288810787,834,299400,300000,-0.1699704975038767,2.0972477946281285
post-GELU,0.1512187605481574,0.17011224631592406,0.14884978260406137,842,299400,300000,-0.1699704975038767,2.0972477946281285
post-GELU,0.17011224631592406,0.1890057320836908,0.12922706779521204,731,299400,300000,-0.1699704975038767,2.0972477946281285
post-GELU,0.1890057320836908,0.2078992178514575,0.1253378810763411,709,299400,300000,-0.1699704975038767,2.0972477946281285
post-GELU,0.2078992178514575,0.22679270361922418,0.12533788107634147,709,299400,300000,-0.1699704975038767,2.0972477946281285
post-GELU,0.22679270361922418,0.2456861893869909,0.11349353970523411,642,299400,300000,-0.1699704975038767,2.0972477946281285
post-GELU,0.2456861893869909,0.26457967515475767,0.10341701047906832,585,299400,300000,-0.1699704975038767,2.0972477946281285
post-GELU,0.26457967515475767,0.2834731609225243,0.10023494861817464,567,299400,300000,-0.1699704975038767,2.0972477946281285
post-GELU,0.2834731609225243,0.302366646690291,0.0942243873253735,533,299400,300000,-0.1699704975038767,2.0972477946281285
post-GELU,0.302366646690291,0.32126013245805773,0.08061223380932517,456,299400,300000,-0.1699704975038767,2.0972477946281285
post-GELU,0.32126013245805773,0.34015361822582446,0.08485498295718438,480,299400,300000,-0.1699704975038767,2.0972477946281285
post-GELU,0.34015361822582446,0.3590471039935912,0.08609245145864332,487,299400,300000,-0.1699704975038767,2.0972477946281285
post-GELU,0.3590471039935912,0.3779405897613578,0.0698285797251834,395,299400,300000,-0.1699704975038767,2.0972477946281285
post-GELU,0.3779405897613578,0.39683407552912453,0.0647019245048531,366,299400,300000,-0.1699704975038767,2.0972477946281285
post-GELU,0.39683407552912453,0.41572756129689126,0.0657626117918179,372,299400,300000,-0.1699704975038767,2.0972477946281285
post-GELU,0.41572756129689126,0.434621047064658,0.0611663002149704,346,299400,300000,-0.1699704975038767,2.0972477946281285
post-GELU,0.434621047064658,0.4535145328324247,0.06134308142946455,347,299400,300000,-0.1699704975038767,2.0972477946281285
post-GELU,0.4535145328324247,0.47240801860019144,0.057984238354076,328,299400,300000,-0.1699704975038767,2.0972477946281285
post-GELU,0.47240801860019144,0.49130150436795816,0.056569988638122924,320,299400,300000,-0.1699704975038767,2.0972477946281285
post-GELU,0.49130150436795816,0.5101949901357248,0.05674676985261739,321,299400,300000,-0.1699704975038767,2.0972477946281285
post-GELU,0.5101949901357248,0.5290884759034915,0.046670240626451406,264,299400,300000,-0.1699704975038767,2.0972477946281285
post-GELU,0.5290884759034915,0.5479819616712582,0.04790770912791035,271,299400,300000,-0.1699704975038767,2.0972477946281285
post-GELU,0.5479819616712582,0.566875447439025,0.04437208483802767,251,299400,300000,-0.1699704975038767,2.0972477946281285
post-GELU,0.566875447439025,0.5857689332067917,0.04437208483802767,251,299400,300000,-0.1699704975038767,2.0972477946281285
post-GELU,0.5857689332067917,0.6046624189745584,0.04260427269308632,241,299400,300000,-0.1699704975038767,2.0972477946281285
post-GELU,0.6046624189745584,0.623555904742325,0.04101324176263936,232,299400,300000,-0.1699704975038767,2.0972477946281285
post-GELU,0.623555904742325,0.6424493905100918,0.03570980532781509,202,299400,300000,-0.1699704975038767,2.0972477946281285
post-GELU,0.6424493905100918,0.6613428762778585,0.03570980532781509,202,299400,300000,-0.1699704975038767,2.0972477946281285
post-GELU,0.6613428762778585,0.6802363620456252,0.031113493750967607,176,299400,300000,-0.1699704975038767,2.0972477946281285
post-GELU,0.6802363620456252,0.6991298478133919,0.03588658654230923,203,299400,300000,-0.1699704975038767,2.0972477946281285
post-GELU,0.6991298478133919,0.7180233335811587,0.028815337962543864,163,299400,300000,-0.1699704975038767,2.0972477946281285
post-GELU,0.7180233335811587,0.7369168193489253,0.0291689003915323,165,299400,300000,-0.1699704975038767,2.0972477946281285
post-GELU,0.7369168193489253,0.755810305116692,0.027224307032096655,154,299400,300000,-0.1699704975038767,2.0972477946281285
post-GELU,0.755810305116692,0.7747037908844587,0.023688682742213973,134,299400,300000,-0.1699704975038767,2.0972477946281285
post-GELU,0.7747037908844587,0.7935972766522255,0.0305831501074852,173,299400,300000,-0.1699704975038767,2.0972477946281285
post-GELU,0.7935972766522255,0.8124907624199922,0.0222744330262609,126,299400,300000,-0.1699704975038767,2.0972477946281285
post-GELU,0.8124907624199922,0.8313842481877589,0.020329839666825424,115,299400,300000,-0.1699704975038767,2.0972477946281285
post-GELU,0.8313842481877589,0.8502777339555256,0.022804776669743305,129,299400,300000,-0.1699704975038767,2.0972477946281285
post-GELU,0.8502777339555256,0.8691712197232924,0.019622714808848887,111,299400,300000,-0.1699704975038767,2.0972477946281285
post-GELU,0.8691712197232924,0.8880647054910591,0.02139052695379023,121,299400,300000,-0.1699704975038767,2.0972477946281285
post-GELU,0.8880647054910591,0.9069581912588258,0.0217440893827785,123,299400,300000,-0.1699704975038767,2.0972477946281285
post-GELU,0.9069581912588258,0.9258516770265923,0.01873880873637844,106,299400,300000,-0.1699704975038767,2.0972477946281285
post-GELU,0.9258516770265923,0.944745162794359,0.016794215376942742,95,299400,300000,-0.1699704975038767,2.0972477946281285
post-GELU,0.944745162794359,0.9636386485621258,0.018738808736378218,106,299400,300000,-0.1699704975038767,2.0972477946281285
post-GELU,0.9636386485621258,0.9825321343298925,0.015556746875483803,88,299400,300000,-0.1699704975038767,2.0972477946281285
post-GELU,0.9825321343298925,1.0014256200976592,0.015026403232001403,85,299400,300000,-0.1699704975038767,2.0972477946281285
post-GELU,1.0014256200976592,1.020319105865426,0.01626387173346034,92,299400,300000,-0.1699704975038767,2.0972477946281285
post-GELU,1.020319105865426,1.0392125916331927,0.016440652947954475,93,299400,300000,-0.1699704975038767,2.0972477946281285
post-GELU,1.0392125916331927,1.0581060774009594,0.011313997727624585,64,299400,300000,-0.1699704975038767,2.0972477946281285
post-GELU,1.0581060774009594,1.0769995631687261,0.013612153516048327,77,299400,300000,-0.1699704975038767,2.0972477946281285
post-GELU,1.0769995631687261,1.0958930489364929,0.012728247443577659,72,299400,300000,-0.1699704975038767,2.0972477946281285
post-GELU,1.0958930489364929,1.1147865347042596,0.012197903800095255,69,299400,300000,-0.1699704975038767,2.0972477946281285
post-GELU,1.1147865347042596,1.1336800204720263,0.0072480297942595,41,299400,300000,-0.1699704975038767,2.0972477946281285
post-GELU,1.1336800204720263,1.152573506239793,0.00989974801167151,56,299400,300000,-0.1699704975038767,2.0972477946281285
post-GELU,1.152573506239793,1.1714669920075595,0.0102533104406599,58,299400,300000,-0.1699704975038767,2.0972477946281285
post-GELU,1.1714669920075595,1.1903604777753263,0.01025331044065978,58,299400,300000,-0.1699704975038767,2.0972477946281285
post-GELU,1.1903604777753263,1.209253963543093,0.009722966797177377,55,299400,300000,-0.1699704975038767,2.0972477946281285
post-GELU,1.209253963543093,1.2281474493108597,0.008662279510212572,49,299400,300000,-0.1699704975038767,2.0972477946281285
post-GELU,1.2281474493108597,1.2470409350786265,0.008662279510212572,49,299400,300000,-0.1699704975038767,2.0972477946281285
post-GELU,1.2470409350786265,1.2659344208463932,0.007601592223247767,43,299400,300000,-0.1699704975038767,2.0972477946281285
post-GELU,1.2659344208463932,1.28482790661416,0.011490778942118718,65,299400,300000,-0.1699704975038767,2.0972477946281285
post-GELU,1.28482790661416,1.3037213923819266,0.0070712485797653655,40,299400,300000,-0.1699704975038767,2.0972477946281285
post-GELU,1.3037213923819266,1.3226148781496934,0.007601592223247767,43,299400,300000,-0.1699704975038767,2.0972477946281285
post-GELU,1.3226148781496934,1.34150836391746,0.006364123721788829,36,299400,300000,-0.1699704975038767,2.0972477946281285
post-GELU,1.34150836391746,1.3604018496852268,0.007778373437741902,44,299400,300000,-0.1699704975038767,2.0972477946281285
post-GELU,1.3604018496852268,1.3792953354529935,0.00512665522032989,29,299400,300000,-0.1699704975038767,2.0972477946281285
post-GELU,1.3792953354529935,1.3981888212207603,0.005480217649318158,31,299400,300000,-0.1699704975038767,2.0972477946281285
post-GELU,1.3981888212207603,1.4170823069885268,0.004596311576847542,26,299400,300000,-0.1699704975038767,2.0972477946281285
post-GELU,1.4170823069885268,1.4359757927562935,0.004949874005835755,28,299400,300000,-0.1699704975038767,2.0972477946281285
post-GELU,1.4359757927562935,1.4548692785240602,0.005303436434824024,30,299400,300000,-0.1699704975038767,2.0972477946281285
post-GELU,1.4548692785240602,1.473762764291827,0.0044195303623533536,25,299400,300000,-0.1699704975038767,2.0972477946281285
post-GELU,1.473762764291827,1.4926562500595937,0.0044195303623533536,25,299400,300000,-0.1699704975038767,2.0972477946281285
post-GELU,1.4926562500595937,1.5115497358273604,0.00601056129280056,34,299400,300000,-0.1699704975038767,2.0972477946281285
post-GELU,1.5115497358273604,1.5304432215951271,0.005303436434824024,30,299400,300000,-0.1699704975038767,2.0972477946281285
post-GELU,1.5304432215951271,1.5493367073628939,0.005656998863812292,32,299400,300000,-0.1699704975038767,2.0972477946281285
post-GELU,1.5493367073628939,1.5682301931306606,0.0035356242898826828,20,299400,300000,-0.1699704975038767,2.0972477946281285
post-GELU,1.5682301931306606,1.5871236788984273,0.0035356242898826828,20,299400,300000,-0.1699704975038767,2.0972477946281285
post-GELU,1.5871236788984273,1.606017164666194,0.004242749147859219,24,299400,300000,-0.1699704975038767,2.0972477946281285
post-GELU,1.606017164666194,1.6249106504339608,0.005480217649318158,31,299400,300000,-0.1699704975038767,2.0972477946281285
post-GELU,1.6249106504339608,1.6438041362017273,0.004065967933365133,23,299400,300000,-0.1699704975038767,2.0972477946281285
post-GELU,1.6438041362017273,1.662697621969494,0.002298155788423744,13,299400,300000,-0.1699704975038767,2.0972477946281285
post-GELU,1.662697621969494,1.6815911077372607,0.003889186718870951,22,299400,300000,-0.1699704975038767,2.0972477946281285
post-GELU,1.6815911077372607,1.7004845935050275,0.0037124055043768166,21,299400,300000,-0.1699704975038767,2.0972477946281285
post-GELU,1.7004845935050275,1.7193780792727942,0.0031820618608944147,18,299400,300000,-0.1699704975038767,2.0972477946281285
post-GELU,1.7193780792727942,1.738271565040561,0.002651718217412012,15,299400,300000,-0.1699704975038767,2.0972477946281285
post-GELU,1.738271565040561,1.7571650508083276,0.0015910309304472074,9,299400,300000,-0.1699704975038767,2.0972477946281285
post-GELU,1.7571650508083276,1.7760585365760944,0.0015910309304472074,9,299400,300000,-0.1699704975038767,2.0972477946281285
post-GELU,1.7760585365760944,1.794952022343861,0.0024749370029178777,14,299400,300000,-0.1699704975038767,2.0972477946281285
post-GELU,1.794952022343861,1.8138455081116278,0.0024749370029178777,14,299400,300000,-0.1699704975038767,2.0972477946281285
post-GELU,1.8138455081116278,1.8327389938793945,0.0012374685014589389,7,299400,300000,-0.1699704975038767,2.0972477946281285
post-GELU,1.8327389938793945,1.8516324796471613,0.0019445933594354754,11,299400,300000,-0.1699704975038767,2.0972477946281285
post-GELU,1.8516324796471613,1.870525965414928,0.002298155788423744,13,299400,300000,-0.1699704975038767,2.0972477946281285
post-GELU,1.870525965414928,1.8894194511826947,0.0021213745739296097,12,299400,300000,-0.1699704975038767,2.0972477946281285
post-GELU,1.8894194511826947,1.9083129369504614,0.002651718217412012,15,299400,300000,-0.1699704975038767,2.0972477946281285
post-GELU,1.9083129369504614,1.9272064227182282,0.0007071248579765366,4,299400,300000,-0.1699704975038767,2.0972477946281285
post-GELU,1.9272064227182282,1.946099908485995,0.0015910309304472074,9,299400,300000,-0.1699704975038767,2.0972477946281285
post-GELU,1.946099908485995,1.9649933942537616,0.002298155788423744,13,299400,300000,-0.1699704975038767,2.0972477946281285
post-GELU,1.9649933942537616,1.9838868800215284,0.0012374685014589389,7,299400,300000,-0.1699704975038767,2.0972477946281285
post-GELU,1.9838868800215284,2.0027803657892953,0.0017678121449413206,10,299400,300000,-0.1699704975038767,2.0972477946281285
post-GELU,2.0027803657892953,2.0216738515570616,0.0012374685014589681,7,299400,300000,-0.1699704975038767,2.0972477946281285
post-GELU,2.0216738515570616,2.0405673373248283,0.0015910309304472074,9,299400,300000,-0.1699704975038767,2.0972477946281285
post-GELU,2.0405673373248283,2.059460823092595,0.0019445933594354754,11,299400,300000,-0.1699704975038767,2.0972477946281285
post-GELU,2.059460823092595,2.0783543088603618,0.0012374685014589389,7,299400,300000,-0.1699704975038767,2.0972477946281285
post-GELU,2.0783543088603618,2.0972477946281285,0.0010606872869648048,6,299400,300000,-0.1699704975038767,2.0972477946281285
post-softmax,0.0,0.0010742420574028906,312.92713826422465,100747,299700,300000,0.0,0.12890904688834687
post-softmax,0.0010742420574028906,0.002148484114805781,154.14799465767658,49628,299700,300000,0.0,0.12890904688834687
post-softmax,0.002148484114805781,0.0032227261722086718,103.00656780109067,33163,299700,300000,0.0,0.12890904688834687
post-softmax,0.0032227261722086718,0.004296968229611562,73.87474621057024,23784,299700,300000,0.0,0.12890904688834687
post-softmax,0.004296968229611562,0.005371210287014453,53.899616170199494,17353,299700,300000,0.0,0.12890904688834687
post-softmax,0.005371210287014453,0.0064454523444173436,40.28260946875571,12969,299700,300000,0.0,0.12890904688834687
post-softmax,0.0064454523444173436,0.007519694401820234,31.296751716183397,10076,299700,300000,0.0,0.12890904688834687
post-softmax,0.007519694401820234,0.008593936459223125,23.93226200607313,7705,299700,300000,0.0,0.12890904688834687
post-softmax,0.008593936459223125,0.009668178516626016,19.235885607217508,6193,299700,300000,0.0,0.12890904688834687
post-softmax,0.009668178516626016,0.010742420574028907,15.726027584263242,5063,299700,300000,0.0,0.12890904688834687
post-softmax,0.010742420574028907,0.011816662631431796,13.039277858727473,4198,299700,300000,0.0,0.12890904688834687
post-softmax,0.011816662631431796,0.012890904688834687,10.526467999815942,3389,299700,300000,0.0,0.12890904688834687
post-softmax,0.012890904688834687,0.013965146746237578,8.681462985979806,2795,299700,300000,0.0,0.12890904688834687
post-softmax,0.013965146746237578,0.015039388803640467,7.423505022000634,2390,299700,300000,0.0,0.12890904688834687
post-softmax,0.015039388803640467,0.01611363086104336,6.323956579411408,2036,299700,300000,0.0,0.12890904688834687
post-softmax,0.01611363086104336,0.01718787291844625,5.646833527195452,1818,299700,300000,0.0,0.12890904688834687
post-softmax,0.01718787291844625,0.01826211497584914,4.814407022636386,1550,299700,300000,0.0,0.12890904688834687
post-softmax,0.01826211497584914,0.01933635703325203,4.118647556139257,1326,299700,300000,0.0,0.12890904688834687
post-softmax,0.01933635703325203,0.020410599090654923,3.5906158181726857,1156,299700,300000,0.0,0.12890904688834687
post-softmax,0.020410599090654923,0.021484841148057814,3.1930389801743257,1028,299700,300000,0.0,0.12890904688834687
post-softmax,0.021484841148057814,0.0225590832054607,2.649476896973452,853,299700,300000,0.0,0.12890904688834687
post-softmax,0.0225590832054607,0.023633325262863592,2.5842494469893373,832,299700,300000,0.0,0.12890904688834687
post-softmax,0.023633325262863592,0.024707567320266483,2.0934905375851125,674,299700,300000,0.0,0.12890904688834687
post-softmax,0.024707567320266483,0.025781809377669374,1.9972023971323845,643,299700,300000,0.0,0.12890904688834687
post-softmax,0.025781809377669374,0.026856051435072265,1.785989701945756,575,299700,300000,0.0,0.12890904688834687
post-softmax,0.026856051435072265,0.027930293492475156,1.5996255591340252,515,299700,300000,0.0,0.12890904688834687
post-softmax,0.027930293492475156,0.029004535549878047,1.5716709377122655,506,299700,300000,0.0,0.12890904688834687
post-softmax,0.029004535549878047,0.030078777607280935,1.5095495567750266,486,299700,300000,0.0,0.12890904688834687
post-softmax,0.030078777607280935,0.031153019664683826,1.1834123068544924,381,299700,300000,0.0,0.12890904688834687
post-softmax,0.031153019664683826,0.03222726172208672,1.1399273401984218,367,299700,300000,0.0,0.12890904688834687
post-softmax,0.03222726172208672,0.03330150377948961,0.9287146450117931,299,299700,300000,0.0,0.12890904688834687
post-softmax,0.03330150377948961,0.0343757458368925,0.8665932640745495,279,299700,300000,0.0,0.12890904688834687
post-softmax,0.0343757458368925,0.03544998789429539,0.9411389211992419,303,299700,300000,0.0,0.12890904688834687
post-softmax,0.03544998789429539,0.03652422995169828,0.8914418164494471,287,299700,300000,0.0,0.12890904688834687
post-softmax,0.03652422995169828,0.03759847200910117,0.8106840212310302,261,299700,300000,0.0,0.12890904688834687
post-softmax,0.03759847200910117,0.03867271406650406,0.7671990545749596,247,299700,300000,0.0,0.12890904688834687
post-softmax,0.03867271406650406,0.039746956123906954,0.6429562927004723,207,299700,300000,0.0,0.12890904688834687
post-softmax,0.039746956123906954,0.040821198181309845,0.5684106355757798,183,299700,300000,0.0,0.12890904688834687
post-softmax,0.040821198181309845,0.041895440238712736,0.5808349117632285,187,299700,300000,0.0,0.12890904688834687
post-softmax,0.041895440238712736,0.04296968229611563,0.521819599872847,168,299700,300000,0.0,0.12890904688834687
post-softmax,0.04296968229611563,0.04404392435351851,0.5590924284351968,180,299700,300000,0.0,0.12890904688834687
post-softmax,0.04404392435351851,0.0451181664109214,0.5156074617791226,166,299700,300000,0.0,0.12890904688834687
post-softmax,0.0451181664109214,0.04619240846832429,0.3416675951548403,110,299700,300000,0.0,0.12890904688834687
post-softmax,0.04619240846832429,0.047266650525727184,0.42863752846698144,138,299700,300000,0.0,0.12890904688834687
post-softmax,0.047266650525727184,0.048340892583130075,0.2950765594519075,95,299700,300000,0.0,0.12890904688834687
post-softmax,0.048340892583130075,0.049415134640532966,0.3106069046862185,100,299700,300000,0.0,0.12890904688834687
post-softmax,0.049415134640532966,0.05048937669793586,0.3634100784828756,117,299700,300000,0.0,0.12890904688834687
post-softmax,0.05048937669793586,0.05156361875533875,0.36651614752973777,118,299700,300000,0.0,0.12890904688834687
post-softmax,0.05156361875533875,0.05263786081274164,0.27022800707701006,87,299700,300000,0.0,0.12890904688834687
post-softmax,0.05263786081274164,0.05371210287014453,0.2671219380301479,86,299700,300000,0.0,0.12890904688834687
post-softmax,0.05371210287014453,0.05478634492754742,0.2391673166083882,77,299700,300000,0.0,0.12890904688834687
post-softmax,0.05478634492754742,0.05586058698495031,0.2578037308895613,83,299700,300000,0.0,0.12890904688834687
post-softmax,0.05586058698495031,0.056934829042353204,0.22674304042093946,73,299700,300000,0.0,0.12890904688834687
post-softmax,0.056934829042353204,0.058009071099756095,0.21121269518662855,68,299700,300000,0.0,0.12890904688834687
post-softmax,0.058009071099756095,0.059083313157158986,0.21431876423349072,69,299700,300000,0.0,0.12890904688834687
post-softmax,0.059083313157158986,0.06015755521456187,0.22053090232721653,71,299700,300000,0.0,0.12890904688834687
post-softmax,0.06015755521456187,0.06123179727196476,0.201894488046042,65,299700,300000,0.0,0.12890904688834687
post-softmax,0.06123179727196476,0.06230603932936765,0.2422733856552504,78,299700,300000,0.0,0.12890904688834687
post-softmax,0.06230603932936765,0.06338028138677054,0.16151559043683358,52,299700,300000,0.0,0.12890904688834687
post-softmax,0.06338028138677054,0.06445452344417343,0.18636414281173108,60,299700,300000,0.0,0.12890904688834687
post-softmax,0.06445452344417343,0.06552876550157632,0.18325807376486888,59,299700,300000,0.0,0.12890904688834687
post-softmax,0.06552876550157632,0.06660300755897922,0.1584095213899714,51,299700,300000,0.0,0.12890904688834687
post-softmax,0.06660300755897922,0.0676772496163821,0.13356096901507394,43,299700,300000,0.0,0.12890904688834687
post-softmax,0.0676772496163821,0.068751491673785,0.12424276187448739,40,299700,300000,0.0,0.12890904688834687
post-softmax,0.068751491673785,0.06982573373118789,0.16151559043683358,52,299700,300000,0.0,0.12890904688834687
post-softmax,0.06982573373118789,0.07089997578859078,0.09628814045272772,31,299700,300000,0.0,0.12890904688834687
post-softmax,0.07089997578859078,0.07197421784599367,0.12734883092134958,41,299700,300000,0.0,0.12890904688834687
post-softmax,0.07197421784599367,0.07304845990339656,0.14598524520252268,47,299700,300000,0.0,0.12890904688834687
post-softmax,0.07304845990339656,0.07412270196079945,0.10250027854645209,33,299700,300000,0.0,0.12890904688834687
post-softmax,0.07412270196079945,0.07519694401820234,0.11803062378076301,38,299700,300000,0.0,0.12890904688834687
post-softmax,0.07519694401820234,0.07627118607560524,0.10250027854645209,33,299700,300000,0.0,0.12890904688834687
post-softmax,0.07627118607560524,0.07734542813300813,0.09628814045272772,31,299700,300000,0.0,0.12890904688834687
post-softmax,0.07734542813300813,0.07841967019041102,0.10250027854645209,33,299700,300000,0.0,0.12890904688834687
post-softmax,0.07841967019041102,0.07949391224781391,0.09628814045272772,31,299700,300000,0.0,0.12890904688834687
post-softmax,0.07949391224781391,0.0805681543052168,0.07765172617155462,25,299700,300000,0.0,0.12890904688834687
post-softmax,0.0805681543052168,0.08164239636261969,0.059015311890381505,19,299700,300000,0.0,0.12890904688834687
post-softmax,0.08164239636261969,0.08271663842002258,0.059015311890381505,19,299700,300000,0.0,0.12890904688834687
post-softmax,0.08271663842002258,0.08379088047742547,0.08386386426527899,27,299700,300000,0.0,0.12890904688834687
post-softmax,0.08379088047742547,0.08486512253482836,0.08075779521841679,26,299700,300000,0.0,0.12890904688834687
post-softmax,0.08486512253482836,0.08593936459223125,0.07454565712469242,24,299700,300000,0.0,0.12890904688834687
post-softmax,0.08593936459223125,0.08701360664963413,0.06522744998410672,21,299700,300000,0.0,0.12890904688834687
post-softmax,0.08701360664963413,0.08808784870703702,0.05280317379665714,17,299700,300000,0.0,0.12890904688834687
post-softmax,0.08808784870703702,0.08916209076443991,0.059015311890381505,19,299700,300000,0.0,0.12890904688834687
post-softmax,0.08916209076443991,0.0902363328218428,0.08386386426527899,27,299700,300000,0.0,0.12890904688834687
post-softmax,0.0902363328218428,0.0913105748792457,0.062121380937243696,20,299700,300000,0.0,0.12890904688834687
post-softmax,0.0913105748792457,0.09238481693664859,0.02795462142175966,9,299700,300000,0.0,0.12890904688834687
post-softmax,0.09238481693664859,0.09345905899405148,0.05590924284351932,18,299700,300000,0.0,0.12890904688834687
post-softmax,0.09345905899405148,0.09453330105145437,0.07143958807783025,23,299700,300000,0.0,0.12890904688834687
post-softmax,0.09453330105145437,0.09560754310885726,0.03727282856234621,12,299700,300000,0.0,0.12890904688834687
post-softmax,0.09560754310885726,0.09668178516626015,0.04348496665607058,14,299700,300000,0.0,0.12890904688834687
post-softmax,0.09668178516626015,0.09775602722366304,0.05590924284351932,18,299700,300000,0.0,0.12890904688834687
post-softmax,0.09775602722366304,0.09883026928106593,0.03416675951548403,11,299700,300000,0.0,0.12890904688834687
post-softmax,0.09883026928106593,0.09990451133846882,0.04659103570293277,15,299700,300000,0.0,0.12890904688834687
post-softmax,0.09990451133846882,0.10097875339587171,0.040378897609208396,13,299700,300000,0.0,0.12890904688834687
post-softmax,0.10097875339587171,0.1020529954532746,0.062121380937243696,20,299700,300000,0.0,0.12890904688834687
post-softmax,0.1020529954532746,0.1031272375106775,0.02795462142175966,9,299700,300000,0.0,0.12890904688834687
post-softmax,0.1031272375106775,0.10420147956808039,0.04659103570293277,15,299700,300000,0.0,0.12890904688834687
post-softmax,0.10420147956808039,0.10527572162548328,0.03727282856234621,12,299700,300000,0.0,0.12890904688834687
post-softmax,0.10527572162548328,0.10634996368288617,0.06522744998410587,21,299700,300000,0.0,0.12890904688834687
post-softmax,0.10634996368288617,0.10742420574028906,0.03727282856234621,12,299700,300000,0.0,0.12890904688834687
post-softmax,0.10742420574028906,0.10849844779769195,0.040378897609208396,13,299700,300000,0.0,0.12890904688834687
post-softmax,0.10849844779769195,0.10957268985509484,0.024848552374897477,8,299700,300000,0.0,0.12890904688834687
post-softmax,0.10957268985509484,0.11064693191249773,0.024848552374897477,8,299700,300000,0.0,0.12890904688834687
post-softmax,0.11064693191249773,0.11172117396990063,0.03727282856234621,12,299700,300000,0.0,0.12890904688834687
post-softmax,0.11172117396990063,0.11279541602730352,0.03727282856234621,12,299700,300000,0.0,0.12890904688834687
post-softmax,0.11279541602730352,0.11386965808470641,0.018636414281173106,6,299700,300000,0.0,0.12890904688834687
post-softmax,0.11386965808470641,0.1149439001421093,0.03727282856234621,12,299700,300000,0.0,0.12890904688834687
post-softmax,0.1149439001421093,0.11601814219951219,0.02174248332803529,7,299700,300000,0.0,0.12890904688834687
post-softmax,0.11601814219951219,0.11709238425691508,0.02174248332803529,7,299700,300000,0.0,0.12890904688834687
post-softmax,0.11709238425691508,0.11816662631431797,0.031060690468621848,10,299700,300000,0.0,0.12890904688834687
post-softmax,0.11816662631431797,0.11924086837172086,0.031060690468621848,10,299700,300000,0.0,0.12890904688834687
post-softmax,0.11924086837172086,0.12031511042912374,0.0124242761874489,4,299700,300000,0.0,0.12890904688834687
post-softmax,0.12031511042912374,0.12138935248652663,0.02174248332803529,7,299700,300000,0.0,0.12890904688834687
post-softmax,0.12138935248652663,0.12246359454392952,0.024848552374897477,8,299700,300000,0.0,0.12890904688834687
post-softmax,0.12246359454392952,0.12353783660133241,0.015530345234310924,5,299700,300000,0.0,0.12890904688834687
post-softmax,0.12353783660133241,0.1246120786587353,0.015530345234310924,5,299700,300000,0.0,0.12890904688834687
post-softmax,0.1246120786587353,0.1256863207161382,0.015530345234310924,5,299700,300000,0.0,0.12890904688834687
post-softmax,0.1256863207161382,0.12676056277354109,0.03416675951548403,11,299700,300000,0.0,0.12890904688834687
post-softmax,0.12676056277354109,0.12783480483094398,0.018636414281173106,6,299700,300000,0.0,0.12890904688834687
post-softmax,0.12783480483094398,0.12890904688834687,0.006212138093724369,2,299700,300000,0.0,0.12890904688834687
