layer_index,module_name,sensitivity_value,source_metric,source_step,source_tag,source_event_file
0,fc1,7.613552011065394e-10,final_adam_exp_avg_sq_mean,99,blocks.0.mlp.fc1.weight_quantizer,outputs_dev/vitb16/T=vtab_Q=3bit_L=lora_2_qkv-fc1-proj-fc2/cifar/20260114184203_default_acc=53.50/tensorboard/events.out.tfevents.1768387332.master-192-168-8-48.1680.1
0,fc2,1.3538479670671677e-08,final_adam_exp_avg_sq_mean,99,blocks.0.mlp.fc2.weight_quantizer,outputs_dev/vitb16/T=vtab_Q=3bit_L=lora_2_qkv-fc1-proj-fc2/cifar/20260114184203_default_acc=53.50/tensorboard/events.out.tfevents.1768387332.master-192-168-8-48.1680.1
0,post-GELU,0.024855630472302437,final_adam_exp_avg_sq_mean,99,blocks.0.mlp.fc2.act_quantizer,outputs_dev/vitb16/T=vtab_Q=3bit_L=lora_2_qkv-fc1-proj-fc2/cifar/20260114184203_default_acc=53.50/tensorboard/events.out.tfevents.1768387332.master-192-168-8-48.1680.1
0,post-softmax,5.02904231325374e-06,final_adam_exp_avg_sq_mean,99,blocks.0.attn.attn_quantizer,outputs_dev/vitb16/T=vtab_Q=3bit_L=lora_2_qkv-fc1-proj-fc2/cifar/20260114184203_default_acc=53.50/tensorboard/events.out.tfevents.1768387332.master-192-168-8-48.1680.1
0,proj,1.0459133115148234e-08,final_adam_exp_avg_sq_mean,99,blocks.0.attn.proj.weight_quantizer,outputs_dev/vitb16/T=vtab_Q=3bit_L=lora_2_qkv-fc1-proj-fc2/cifar/20260114184203_default_acc=53.50/tensorboard/events.out.tfevents.1768387332.master-192-168-8-48.1680.1
0,qkv,1.7199156543412641e-09,final_adam_exp_avg_sq_mean,99,blocks.0.attn.qkv.weight_quantizer,outputs_dev/vitb16/T=vtab_Q=3bit_L=lora_2_qkv-fc1-proj-fc2/cifar/20260114184203_default_acc=53.50/tensorboard/events.out.tfevents.1768387332.master-192-168-8-48.1680.1
1,fc1,1.1502574448485348e-09,final_adam_exp_avg_sq_mean,99,blocks.1.mlp.fc1.weight_quantizer,outputs_dev/vitb16/T=vtab_Q=3bit_L=lora_2_qkv-fc1-proj-fc2/cifar/20260114184203_default_acc=53.50/tensorboard/events.out.tfevents.1768387332.master-192-168-8-48.1680.1
1,fc2,5.0948099072911646e-09,final_adam_exp_avg_sq_mean,99,blocks.1.mlp.fc2.weight_quantizer,outputs_dev/vitb16/T=vtab_Q=3bit_L=lora_2_qkv-fc1-proj-fc2/cifar/20260114184203_default_acc=53.50/tensorboard/events.out.tfevents.1768387332.master-192-168-8-48.1680.1
1,post-GELU,0.011367113329470158,final_adam_exp_avg_sq_mean,99,blocks.1.mlp.fc2.act_quantizer,outputs_dev/vitb16/T=vtab_Q=3bit_L=lora_2_qkv-fc1-proj-fc2/cifar/20260114184203_default_acc=53.50/tensorboard/events.out.tfevents.1768387332.master-192-168-8-48.1680.1
1,post-softmax,1.7684022850517067e-06,final_adam_exp_avg_sq_mean,99,blocks.1.attn.attn_quantizer,outputs_dev/vitb16/T=vtab_Q=3bit_L=lora_2_qkv-fc1-proj-fc2/cifar/20260114184203_default_acc=53.50/tensorboard/events.out.tfevents.1768387332.master-192-168-8-48.1680.1
1,proj,1.2630771095700766e-08,final_adam_exp_avg_sq_mean,99,blocks.1.attn.proj.weight_quantizer,outputs_dev/vitb16/T=vtab_Q=3bit_L=lora_2_qkv-fc1-proj-fc2/cifar/20260114184203_default_acc=53.50/tensorboard/events.out.tfevents.1768387332.master-192-168-8-48.1680.1
1,qkv,1.4780277002302e-09,final_adam_exp_avg_sq_mean,99,blocks.1.attn.qkv.weight_quantizer,outputs_dev/vitb16/T=vtab_Q=3bit_L=lora_2_qkv-fc1-proj-fc2/cifar/20260114184203_default_acc=53.50/tensorboard/events.out.tfevents.1768387332.master-192-168-8-48.1680.1
2,fc1,9.393442690353027e-10,final_adam_exp_avg_sq_mean,99,blocks.2.mlp.fc1.weight_quantizer,outputs_dev/vitb16/T=vtab_Q=3bit_L=lora_2_qkv-fc1-proj-fc2/cifar/20260114184203_default_acc=53.50/tensorboard/events.out.tfevents.1768387332.master-192-168-8-48.1680.1
2,fc2,3.808360293788837e-09,final_adam_exp_avg_sq_mean,99,blocks.2.mlp.fc2.weight_quantizer,outputs_dev/vitb16/T=vtab_Q=3bit_L=lora_2_qkv-fc1-proj-fc2/cifar/20260114184203_default_acc=53.50/tensorboard/events.out.tfevents.1768387332.master-192-168-8-48.1680.1
2,post-GELU,0.00437504006549716,final_adam_exp_avg_sq_mean,99,blocks.2.mlp.fc2.act_quantizer,outputs_dev/vitb16/T=vtab_Q=3bit_L=lora_2_qkv-fc1-proj-fc2/cifar/20260114184203_default_acc=53.50/tensorboard/events.out.tfevents.1768387332.master-192-168-8-48.1680.1
2,post-softmax,1.618175360817986e-06,final_adam_exp_avg_sq_mean,99,blocks.2.attn.attn_quantizer,outputs_dev/vitb16/T=vtab_Q=3bit_L=lora_2_qkv-fc1-proj-fc2/cifar/20260114184203_default_acc=53.50/tensorboard/events.out.tfevents.1768387332.master-192-168-8-48.1680.1
2,proj,1.1930592513920146e-08,final_adam_exp_avg_sq_mean,99,blocks.2.attn.proj.weight_quantizer,outputs_dev/vitb16/T=vtab_Q=3bit_L=lora_2_qkv-fc1-proj-fc2/cifar/20260114184203_default_acc=53.50/tensorboard/events.out.tfevents.1768387332.master-192-168-8-48.1680.1
2,qkv,1.7462709056559333e-09,final_adam_exp_avg_sq_mean,99,blocks.2.attn.qkv.weight_quantizer,outputs_dev/vitb16/T=vtab_Q=3bit_L=lora_2_qkv-fc1-proj-fc2/cifar/20260114184203_default_acc=53.50/tensorboard/events.out.tfevents.1768387332.master-192-168-8-48.1680.1
3,fc1,5.933410429648234e-10,final_adam_exp_avg_sq_mean,99,blocks.3.mlp.fc1.weight_quantizer,outputs_dev/vitb16/T=vtab_Q=3bit_L=lora_2_qkv-fc1-proj-fc2/cifar/20260114184203_default_acc=53.50/tensorboard/events.out.tfevents.1768387332.master-192-168-8-48.1680.1
3,fc2,2.0683315060665564e-09,final_adam_exp_avg_sq_mean,99,blocks.3.mlp.fc2.weight_quantizer,outputs_dev/vitb16/T=vtab_Q=3bit_L=lora_2_qkv-fc1-proj-fc2/cifar/20260114184203_default_acc=53.50/tensorboard/events.out.tfevents.1768387332.master-192-168-8-48.1680.1
3,post-GELU,0.006077839061617851,final_adam_exp_avg_sq_mean,99,blocks.3.mlp.fc2.act_quantizer,outputs_dev/vitb16/T=vtab_Q=3bit_L=lora_2_qkv-fc1-proj-fc2/cifar/20260114184203_default_acc=53.50/tensorboard/events.out.tfevents.1768387332.master-192-168-8-48.1680.1
3,post-softmax,1.183795575343538e-06,final_adam_exp_avg_sq_mean,99,blocks.3.attn.attn_quantizer,outputs_dev/vitb16/T=vtab_Q=3bit_L=lora_2_qkv-fc1-proj-fc2/cifar/20260114184203_default_acc=53.50/tensorboard/events.out.tfevents.1768387332.master-192-168-8-48.1680.1
3,proj,1.314457875878361e-08,final_adam_exp_avg_sq_mean,99,blocks.3.attn.proj.weight_quantizer,outputs_dev/vitb16/T=vtab_Q=3bit_L=lora_2_qkv-fc1-proj-fc2/cifar/20260114184203_default_acc=53.50/tensorboard/events.out.tfevents.1768387332.master-192-168-8-48.1680.1
3,qkv,2.2927393317218048e-09,final_adam_exp_avg_sq_mean,99,blocks.3.attn.qkv.weight_quantizer,outputs_dev/vitb16/T=vtab_Q=3bit_L=lora_2_qkv-fc1-proj-fc2/cifar/20260114184203_default_acc=53.50/tensorboard/events.out.tfevents.1768387332.master-192-168-8-48.1680.1
4,fc1,5.776246148059272e-10,final_adam_exp_avg_sq_mean,99,blocks.4.mlp.fc1.weight_quantizer,outputs_dev/vitb16/T=vtab_Q=3bit_L=lora_2_qkv-fc1-proj-fc2/cifar/20260114184203_default_acc=53.50/tensorboard/events.out.tfevents.1768387332.master-192-168-8-48.1680.1
4,fc2,1.6187478024676238e-09,final_adam_exp_avg_sq_mean,99,blocks.4.mlp.fc2.weight_quantizer,outputs_dev/vitb16/T=vtab_Q=3bit_L=lora_2_qkv-fc1-proj-fc2/cifar/20260114184203_default_acc=53.50/tensorboard/events.out.tfevents.1768387332.master-192-168-8-48.1680.1
4,post-GELU,0.006597975268959999,final_adam_exp_avg_sq_mean,99,blocks.4.mlp.fc2.act_quantizer,outputs_dev/vitb16/T=vtab_Q=3bit_L=lora_2_qkv-fc1-proj-fc2/cifar/20260114184203_default_acc=53.50/tensorboard/events.out.tfevents.1768387332.master-192-168-8-48.1680.1
4,post-softmax,6.40693258446845e-07,final_adam_exp_avg_sq_mean,99,blocks.4.attn.attn_quantizer,outputs_dev/vitb16/T=vtab_Q=3bit_L=lora_2_qkv-fc1-proj-fc2/cifar/20260114184203_default_acc=53.50/tensorboard/events.out.tfevents.1768387332.master-192-168-8-48.1680.1
4,proj,1.1091181306710496e-08,final_adam_exp_avg_sq_mean,99,blocks.4.attn.proj.weight_quantizer,outputs_dev/vitb16/T=vtab_Q=3bit_L=lora_2_qkv-fc1-proj-fc2/cifar/20260114184203_default_acc=53.50/tensorboard/events.out.tfevents.1768387332.master-192-168-8-48.1680.1
4,qkv,1.5456911306443999e-09,final_adam_exp_avg_sq_mean,99,blocks.4.attn.qkv.weight_quantizer,outputs_dev/vitb16/T=vtab_Q=3bit_L=lora_2_qkv-fc1-proj-fc2/cifar/20260114184203_default_acc=53.50/tensorboard/events.out.tfevents.1768387332.master-192-168-8-48.1680.1
5,fc1,4.5864059772249277e-10,final_adam_exp_avg_sq_mean,99,blocks.5.mlp.fc1.weight_quantizer,outputs_dev/vitb16/T=vtab_Q=3bit_L=lora_2_qkv-fc1-proj-fc2/cifar/20260114184203_default_acc=53.50/tensorboard/events.out.tfevents.1768387332.master-192-168-8-48.1680.1
5,fc2,9.68853441918327e-10,final_adam_exp_avg_sq_mean,99,blocks.5.mlp.fc2.weight_quantizer,outputs_dev/vitb16/T=vtab_Q=3bit_L=lora_2_qkv-fc1-proj-fc2/cifar/20260114184203_default_acc=53.50/tensorboard/events.out.tfevents.1768387332.master-192-168-8-48.1680.1
5,post-GELU,0.005469114985316992,final_adam_exp_avg_sq_mean,99,blocks.5.mlp.fc2.act_quantizer,outputs_dev/vitb16/T=vtab_Q=3bit_L=lora_2_qkv-fc1-proj-fc2/cifar/20260114184203_default_acc=53.50/tensorboard/events.out.tfevents.1768387332.master-192-168-8-48.1680.1
5,post-softmax,4.008162193258613e-07,final_adam_exp_avg_sq_mean,99,blocks.5.attn.attn_quantizer,outputs_dev/vitb16/T=vtab_Q=3bit_L=lora_2_qkv-fc1-proj-fc2/cifar/20260114184203_default_acc=53.50/tensorboard/events.out.tfevents.1768387332.master-192-168-8-48.1680.1
5,proj,9.111013277163238e-09,final_adam_exp_avg_sq_mean,99,blocks.5.attn.proj.weight_quantizer,outputs_dev/vitb16/T=vtab_Q=3bit_L=lora_2_qkv-fc1-proj-fc2/cifar/20260114184203_default_acc=53.50/tensorboard/events.out.tfevents.1768387332.master-192-168-8-48.1680.1
5,qkv,1.821442996430278e-09,final_adam_exp_avg_sq_mean,99,blocks.5.attn.qkv.weight_quantizer,outputs_dev/vitb16/T=vtab_Q=3bit_L=lora_2_qkv-fc1-proj-fc2/cifar/20260114184203_default_acc=53.50/tensorboard/events.out.tfevents.1768387332.master-192-168-8-48.1680.1
6,fc1,4.064918679436147e-10,final_adam_exp_avg_sq_mean,99,blocks.6.mlp.fc1.weight_quantizer,outputs_dev/vitb16/T=vtab_Q=3bit_L=lora_2_qkv-fc1-proj-fc2/cifar/20260114184203_default_acc=53.50/tensorboard/events.out.tfevents.1768387332.master-192-168-8-48.1680.1
6,fc2,5.079307530131416e-10,final_adam_exp_avg_sq_mean,99,blocks.6.mlp.fc2.weight_quantizer,outputs_dev/vitb16/T=vtab_Q=3bit_L=lora_2_qkv-fc1-proj-fc2/cifar/20260114184203_default_acc=53.50/tensorboard/events.out.tfevents.1768387332.master-192-168-8-48.1680.1
6,post-GELU,0.0038168171886354685,final_adam_exp_avg_sq_mean,99,blocks.6.mlp.fc2.act_quantizer,outputs_dev/vitb16/T=vtab_Q=3bit_L=lora_2_qkv-fc1-proj-fc2/cifar/20260114184203_default_acc=53.50/tensorboard/events.out.tfevents.1768387332.master-192-168-8-48.1680.1
6,post-softmax,2.721600367294741e-07,final_adam_exp_avg_sq_mean,99,blocks.6.attn.attn_quantizer,outputs_dev/vitb16/T=vtab_Q=3bit_L=lora_2_qkv-fc1-proj-fc2/cifar/20260114184203_default_acc=53.50/tensorboard/events.out.tfevents.1768387332.master-192-168-8-48.1680.1
6,proj,7.649517463903521e-09,final_adam_exp_avg_sq_mean,99,blocks.6.attn.proj.weight_quantizer,outputs_dev/vitb16/T=vtab_Q=3bit_L=lora_2_qkv-fc1-proj-fc2/cifar/20260114184203_default_acc=53.50/tensorboard/events.out.tfevents.1768387332.master-192-168-8-48.1680.1
6,qkv,1.3717182945072182e-09,final_adam_exp_avg_sq_mean,99,blocks.6.attn.qkv.weight_quantizer,outputs_dev/vitb16/T=vtab_Q=3bit_L=lora_2_qkv-fc1-proj-fc2/cifar/20260114184203_default_acc=53.50/tensorboard/events.out.tfevents.1768387332.master-192-168-8-48.1680.1
7,fc1,3.3170335922427796e-10,final_adam_exp_avg_sq_mean,99,blocks.7.mlp.fc1.weight_quantizer,outputs_dev/vitb16/T=vtab_Q=3bit_L=lora_2_qkv-fc1-proj-fc2/cifar/20260114184203_default_acc=53.50/tensorboard/events.out.tfevents.1768387332.master-192-168-8-48.1680.1
7,fc2,2.408822030730562e-10,final_adam_exp_avg_sq_mean,99,blocks.7.mlp.fc2.weight_quantizer,outputs_dev/vitb16/T=vtab_Q=3bit_L=lora_2_qkv-fc1-proj-fc2/cifar/20260114184203_default_acc=53.50/tensorboard/events.out.tfevents.1768387332.master-192-168-8-48.1680.1
7,post-GELU,0.0017656133277341723,final_adam_exp_avg_sq_mean,99,blocks.7.mlp.fc2.act_quantizer,outputs_dev/vitb16/T=vtab_Q=3bit_L=lora_2_qkv-fc1-proj-fc2/cifar/20260114184203_default_acc=53.50/tensorboard/events.out.tfevents.1768387332.master-192-168-8-48.1680.1
7,post-softmax,2.1476728306879522e-07,final_adam_exp_avg_sq_mean,99,blocks.7.attn.attn_quantizer,outputs_dev/vitb16/T=vtab_Q=3bit_L=lora_2_qkv-fc1-proj-fc2/cifar/20260114184203_default_acc=53.50/tensorboard/events.out.tfevents.1768387332.master-192-168-8-48.1680.1
7,proj,4.8826067633456205e-09,final_adam_exp_avg_sq_mean,99,blocks.7.attn.proj.weight_quantizer,outputs_dev/vitb16/T=vtab_Q=3bit_L=lora_2_qkv-fc1-proj-fc2/cifar/20260114184203_default_acc=53.50/tensorboard/events.out.tfevents.1768387332.master-192-168-8-48.1680.1
7,qkv,1.031505103554764e-09,final_adam_exp_avg_sq_mean,99,blocks.7.attn.qkv.weight_quantizer,outputs_dev/vitb16/T=vtab_Q=3bit_L=lora_2_qkv-fc1-proj-fc2/cifar/20260114184203_default_acc=53.50/tensorboard/events.out.tfevents.1768387332.master-192-168-8-48.1680.1
8,fc1,2.8434651855313575e-10,final_adam_exp_avg_sq_mean,99,blocks.8.mlp.fc1.weight_quantizer,outputs_dev/vitb16/T=vtab_Q=3bit_L=lora_2_qkv-fc1-proj-fc2/cifar/20260114184203_default_acc=53.50/tensorboard/events.out.tfevents.1768387332.master-192-168-8-48.1680.1
8,fc2,1.281610234604713e-10,final_adam_exp_avg_sq_mean,99,blocks.8.mlp.fc2.weight_quantizer,outputs_dev/vitb16/T=vtab_Q=3bit_L=lora_2_qkv-fc1-proj-fc2/cifar/20260114184203_default_acc=53.50/tensorboard/events.out.tfevents.1768387332.master-192-168-8-48.1680.1
8,post-GELU,0.002133498666808009,final_adam_exp_avg_sq_mean,99,blocks.8.mlp.fc2.act_quantizer,outputs_dev/vitb16/T=vtab_Q=3bit_L=lora_2_qkv-fc1-proj-fc2/cifar/20260114184203_default_acc=53.50/tensorboard/events.out.tfevents.1768387332.master-192-168-8-48.1680.1
8,post-softmax,2.444264453060896e-07,final_adam_exp_avg_sq_mean,99,blocks.8.attn.attn_quantizer,outputs_dev/vitb16/T=vtab_Q=3bit_L=lora_2_qkv-fc1-proj-fc2/cifar/20260114184203_default_acc=53.50/tensorboard/events.out.tfevents.1768387332.master-192-168-8-48.1680.1
8,proj,3.731409847773648e-09,final_adam_exp_avg_sq_mean,99,blocks.8.attn.proj.weight_quantizer,outputs_dev/vitb16/T=vtab_Q=3bit_L=lora_2_qkv-fc1-proj-fc2/cifar/20260114184203_default_acc=53.50/tensorboard/events.out.tfevents.1768387332.master-192-168-8-48.1680.1
8,qkv,8.108801408113209e-10,final_adam_exp_avg_sq_mean,99,blocks.8.attn.qkv.weight_quantizer,outputs_dev/vitb16/T=vtab_Q=3bit_L=lora_2_qkv-fc1-proj-fc2/cifar/20260114184203_default_acc=53.50/tensorboard/events.out.tfevents.1768387332.master-192-168-8-48.1680.1
9,fc1,1.3620266026137529e-10,final_adam_exp_avg_sq_mean,99,blocks.9.mlp.fc1.weight_quantizer,outputs_dev/vitb16/T=vtab_Q=3bit_L=lora_2_qkv-fc1-proj-fc2/cifar/20260114184203_default_acc=53.50/tensorboard/events.out.tfevents.1768387332.master-192-168-8-48.1680.1
9,fc2,3.522894823082545e-11,final_adam_exp_avg_sq_mean,99,blocks.9.mlp.fc2.weight_quantizer,outputs_dev/vitb16/T=vtab_Q=3bit_L=lora_2_qkv-fc1-proj-fc2/cifar/20260114184203_default_acc=53.50/tensorboard/events.out.tfevents.1768387332.master-192-168-8-48.1680.1
9,post-GELU,0.006399983540177345,final_adam_exp_avg_sq_mean,99,blocks.9.mlp.fc2.act_quantizer,outputs_dev/vitb16/T=vtab_Q=3bit_L=lora_2_qkv-fc1-proj-fc2/cifar/20260114184203_default_acc=53.50/tensorboard/events.out.tfevents.1768387332.master-192-168-8-48.1680.1
9,post-softmax,1.341345523542259e-07,final_adam_exp_avg_sq_mean,99,blocks.9.attn.attn_quantizer,outputs_dev/vitb16/T=vtab_Q=3bit_L=lora_2_qkv-fc1-proj-fc2/cifar/20260114184203_default_acc=53.50/tensorboard/events.out.tfevents.1768387332.master-192-168-8-48.1680.1
9,proj,2.482624106292519e-09,final_adam_exp_avg_sq_mean,99,blocks.9.attn.proj.weight_quantizer,outputs_dev/vitb16/T=vtab_Q=3bit_L=lora_2_qkv-fc1-proj-fc2/cifar/20260114184203_default_acc=53.50/tensorboard/events.out.tfevents.1768387332.master-192-168-8-48.1680.1
9,qkv,5.969666982963417e-10,final_adam_exp_avg_sq_mean,99,blocks.9.attn.qkv.weight_quantizer,outputs_dev/vitb16/T=vtab_Q=3bit_L=lora_2_qkv-fc1-proj-fc2/cifar/20260114184203_default_acc=53.50/tensorboard/events.out.tfevents.1768387332.master-192-168-8-48.1680.1
10,fc1,1.0951992091001728e-10,final_adam_exp_avg_sq_mean,99,blocks.10.mlp.fc1.weight_quantizer,outputs_dev/vitb16/T=vtab_Q=3bit_L=lora_2_qkv-fc1-proj-fc2/cifar/20260114184203_default_acc=53.50/tensorboard/events.out.tfevents.1768387332.master-192-168-8-48.1680.1
10,fc2,1.0966894926911497e-11,final_adam_exp_avg_sq_mean,99,blocks.10.mlp.fc2.weight_quantizer,outputs_dev/vitb16/T=vtab_Q=3bit_L=lora_2_qkv-fc1-proj-fc2/cifar/20260114184203_default_acc=53.50/tensorboard/events.out.tfevents.1768387332.master-192-168-8-48.1680.1
10,post-GELU,0.0035464989487081766,final_adam_exp_avg_sq_mean,99,blocks.10.mlp.fc2.act_quantizer,outputs_dev/vitb16/T=vtab_Q=3bit_L=lora_2_qkv-fc1-proj-fc2/cifar/20260114184203_default_acc=53.50/tensorboard/events.out.tfevents.1768387332.master-192-168-8-48.1680.1
10,post-softmax,1.5974238465332746e-07,final_adam_exp_avg_sq_mean,99,blocks.10.attn.attn_quantizer,outputs_dev/vitb16/T=vtab_Q=3bit_L=lora_2_qkv-fc1-proj-fc2/cifar/20260114184203_default_acc=53.50/tensorboard/events.out.tfevents.1768387332.master-192-168-8-48.1680.1
10,proj,1.1325366200409803e-09,final_adam_exp_avg_sq_mean,99,blocks.10.attn.proj.weight_quantizer,outputs_dev/vitb16/T=vtab_Q=3bit_L=lora_2_qkv-fc1-proj-fc2/cifar/20260114184203_default_acc=53.50/tensorboard/events.out.tfevents.1768387332.master-192-168-8-48.1680.1
10,qkv,3.332575049252995e-10,final_adam_exp_avg_sq_mean,99,blocks.10.attn.qkv.weight_quantizer,outputs_dev/vitb16/T=vtab_Q=3bit_L=lora_2_qkv-fc1-proj-fc2/cifar/20260114184203_default_acc=53.50/tensorboard/events.out.tfevents.1768387332.master-192-168-8-48.1680.1
11,fc1,2.912046645486832e-11,final_adam_exp_avg_sq_mean,99,blocks.11.mlp.fc1.weight_quantizer,outputs_dev/vitb16/T=vtab_Q=3bit_L=lora_2_qkv-fc1-proj-fc2/cifar/20260114184203_default_acc=53.50/tensorboard/events.out.tfevents.1768387332.master-192-168-8-48.1680.1
11,fc2,3.986473044031991e-12,final_adam_exp_avg_sq_mean,99,blocks.11.mlp.fc2.weight_quantizer,outputs_dev/vitb16/T=vtab_Q=3bit_L=lora_2_qkv-fc1-proj-fc2/cifar/20260114184203_default_acc=53.50/tensorboard/events.out.tfevents.1768387332.master-192-168-8-48.1680.1
11,post-GELU,0.00034043999039568007,final_adam_exp_avg_sq_mean,99,blocks.11.mlp.fc2.act_quantizer,outputs_dev/vitb16/T=vtab_Q=3bit_L=lora_2_qkv-fc1-proj-fc2/cifar/20260114184203_default_acc=53.50/tensorboard/events.out.tfevents.1768387332.master-192-168-8-48.1680.1
11,post-softmax,5.632362487517639e-08,final_adam_exp_avg_sq_mean,99,blocks.11.attn.attn_quantizer,outputs_dev/vitb16/T=vtab_Q=3bit_L=lora_2_qkv-fc1-proj-fc2/cifar/20260114184203_default_acc=53.50/tensorboard/events.out.tfevents.1768387332.master-192-168-8-48.1680.1
11,proj,3.5882008475596194e-10,final_adam_exp_avg_sq_mean,99,blocks.11.attn.proj.weight_quantizer,outputs_dev/vitb16/T=vtab_Q=3bit_L=lora_2_qkv-fc1-proj-fc2/cifar/20260114184203_default_acc=53.50/tensorboard/events.out.tfevents.1768387332.master-192-168-8-48.1680.1
11,qkv,1.424032974872702e-10,final_adam_exp_avg_sq_mean,99,blocks.11.attn.qkv.weight_quantizer,outputs_dev/vitb16/T=vtab_Q=3bit_L=lora_2_qkv-fc1-proj-fc2/cifar/20260114184203_default_acc=53.50/tensorboard/events.out.tfevents.1768387332.master-192-168-8-48.1680.1
